password,strength
1234561,0
1234563,0
z*1C5Jau2RJt,2
1234565,0
Python@137,1
UyifDLkDmWJ6UuVTAI,2
science168,0
Sneha9135,1
secure,0
pooja906,0
machine439,0
Analytics2276,1
computer611,0
Pooja7678,1
IRoL3u6aH#w#nM#ztV,2
login,0
letmein,0
technology129,0
H^2B*zNZV4%5p,2
1234563,0
password,0
data32195,1
8F80ymm3T207gmhZ,2
science$153,1
admin123,0
rahul993,0
Rohit7896,1
secure,0
vikas87752,1
Computer@763,1
1234560,0
learning883,0
cloud635,0
%OHAOEHYqM6Ojb6m,2
login,0
1234564,0
MnrHontIKARA,2
amit!104,1
Python@799,1
monkey,0
machine566,0
ankit374,0
neha799,0
cloud184,0
python392,0
sneha359,0
secure,0
&QdoHwHen3SO3$o,2
neha34386,1
Rahul@952,1
learning,0
y1WwMZaMKA3P7,2
Prashant3511,1
Amit@848,1
qwerty123,0
rahul$516,1
technology907,0
developer256,0
1234567,0
5u85HFJ%!EJ4jKE,2
learning71798,1
vikas!434,1
ankit@862,1
Neha@399,1
technology71545,1
rahul#694,1
1234566,0
dk2r7xgHWPB6PRWJ1,2
Data@777,1
1234560,0
python578,0
database80415,1
science#599,1
Vikas@616,1
pfS&2Vi#Rb1!n3U6t3,2
developer794,0
Neha4407,1
Prashant4005,1
Learning@227,1
Developer9777,1
kE0!E8!5clLCZ,2
developer544,0
T6INGDpyOp&xyB,2
developer69765,1
analytics24519,1
python@663,1
vikas292,0
1234561,0
123456789,0
1C%W54M2NhmABHkuEw,2
ua058LeDKK6j,2
1234561,0
data,0
K4p7MZI#*@4kf3PGd,2
1234564,0
sneha532,0
!l8S0QPnuQ0@KZe,2
data!801,1
a*70gy%U@4gAIqK4!p,2
1234560,0
data15871,1
vikas#435,1
analytics73255,1
technology,0
neha@467,1
Learning@396,1
science,0
Vikas6256,1
analytics103,0
learning,0
pooja#882,1
Sneha@46,1
learning721,0
security,0
rahul33007,1
machine700,0
D7G6Gb7K*uj4S,2
2G6MzX9nEWTLLc,2
developer!942,1
Analytics@234,1
technology,0
ankit335,0
^#IvG9LRo7jsCY,2
lYbH&p6VHWVnD8,2
science664,0
Sneha6699,1
rohit@407,1
arjun@916,1
vikas418,0
Prashant@111,1
1234563,0
password123,0
BDQsaJsq*Gwod,2
password,0
admin123,0
prashant68271,1
%M6dh9Z2n!4j,2
1234569,0
PW^L6#3moB35D0R6Z,2
science56936,1
Data@105,1
developer338,0
Arjun@62,1
science@682,1
1234564,0
iloveyou,0
IdxINRSaxsZisdl^B,2
Rahul@171,1
kgtugkI42!41IB$o,2
Rahul@704,1
pooja614,0
ankit336,0
abc123,0
Python@480,1
Z1LoZcPv6Ul3nF3,2
^kYNRCQvj$o^$yS,2
sneha31968,1
learning78,0
Neha@707,1
1234564,0
letmein,0
machine!639,1
neha97851,1
Pooja7802,1
vikas67132,1
Prashant@634,1
Technology@705,1
1234564,0
learning,0
secure!327,1
Secure@671,1
ankit185,0
1234568,0
RqWtuxv4f0UE,2
pooja99617,1
Rohit@704,1
amit55874,1
Gg9Vn%pKkuI5$,2
iloveyou,0
Python6505,1
Analytics@963,1
database852,0
pooja11384,1
^2oKEMpgE16io@&c$,2
sL2aTE1xk^Ui^,2
#cX8fXVGcTiSEnQr,2
data851,0
prashant734,0
developer408,0
Python@375,1
science$771,1
Learning@718,1
machine,0
secure457,0
1234565,0
developer10835,1
123456789,0
cloud620,0
Database@597,1
learning33717,1
Amit@130,1
Computer4688,1
database,0
secure,0
pzrE@dUV7qliN,2
Vikas7852,1
prashant461,0
xq3#hp%tMvuPCS%Kk,2
Computer9034,1
vtvRfdkfHA1d@*LM9,2
database62,0
Rohit@358,1
technology49567,1
Science4392,1
Technology@995,1
Oyu@$7@N@clY#6EBT,2
machine,0
n3rHUZUfZgyU,2
jX#5JpqmYVRUsz,2
Z#fferQ8%6t$rPOu,2
Pooja@354,1
Cloud@699,1
1234569,0
developer645,0
python196,0
rahul@430,1
1234567,0
Learning@944,1
Pooja@990,1
science,0
database#134,1
Database2409,1
Prashant@500,1
IrnEFg^CDgm0Q8mra,2
089zKPKhlD&ew,2
Security@816,1
machine,0
sneha@881,1
Computer@176,1
neha810,0
Z2$PlZmxr9PFaHXE5I,2
Machine@596,1
secure,0
science981,0
1234567,0
1234567,0
data15707,1
learning211,0
analytics136,0
Neha955,1
developer!56,1
vikas!966,1
technology,0
Prashant@92,1
qwerty,0
developer435,0
admin,0
Pooja266,1
pooja!421,1
technology,0
neha592,0
Secure8550,1
w2@gSW^O10tMWx&8,2
admin,0
1^rXFGAQk5Vl&yg,2
technology80026,1
computer40739,1
amit713,0
KW7&TNHU$@7m8O,2
neha424,0
machine,0
machine854,0
RG!!6vTvr*!x*h^ej,2
password,0
machine654,0
Cloud118,1
J&Kc#3wnm^tEy^GTI,2
data54218,1
arjun!105,1
technology63390,1
1234561,0
admin,0
admin123,0
database,0
computer,0
Secure1294,1
Analytics@629,1
security567,0
user123,0
technology650,0
Database@15,1
science$469,1
developer,0
cloud55238,1
vWvrIMI@siv3J1M9,2
1234567,0
6nrMaYQWQ4Q3r,2
learning92133,1
learning97321,1
technology52502,1
xd7A4Li0@rMEGt2W,2
computer548,0
U&knFTvfZQ3n,2
1234568,0
5VY7#tSd9nL1k,2
1234563,0
Database7811,1
Python1895,1
data339,0
analytics@665,1
Cloud3242,1
1234561,0
security,0
Amit5144,1
Database7511,1
prashant245,0
1rX2x!&wv!KrxO5,2
Tb!ryX#@0!14,2
Security1364,1
analytics$589,1
ooI*U*f4*B2nFMe5,2
database58549,1
neha882,0
AAhS&J&vPLLI$,2
pooja941,0
technology864,0
user123,0
amit#475,1
Neha@105,1
computer,0
Learning@143,1
prashant642,0
Prashant@217,1
prashant671,0
abc123,0
1234563,0
cloud!890,1
dragon,0
database18973,1
machine,0
123456789,0
database,0
1234569,0
dMA%$yYLgE@XoE,2
Sneha@550,1
developer700,0
password,0
amit$443,1
login,0
t&PYiN3EhFl3o,2
Pooja9985,1
rohit509,0
Secure4413,1
Rahul4466,1
prashant48202,1
Security4189,1
amit48,0
security,0
neha123,0
computer,0
learning73494,1
Neha@647,1
z*Fta0dD*SbQaWN,2
arjun244,0
Data@928,1
data@662,1
vikas64,0
developer#335,1
Analytics1233,1
sneha322,0
machine35735,1
Vikas9894,1
pooja526,0
developer256,0
prashant13,0
Database1386,1
123456,0
science@956,1
Rohit@709,1
1234569,0
L@09hlJXr1z^F,2
cWT9*!S#PXIxdOCdJh,2
amit77544,1
1234563,0
Database@252,1
Tsy@*Nw!elhD,2
c^9aQzqRwPhcs,2
so^UjVYmRMPru3!Ow,2
TCwWNLqwaYexOCn@s,2
Data3909,1
Prashant196,1
developer!405,1
security$369,1
learning231,0
password123,0
Security6161,1
pooja93340,1
ugmQAy0*HKMEmgY,2
!tgUa2lL9zmdAvLk,2
Science@492,1
computer379,0
1234564,0
security828,0
hX%1&8E8MkYe#,2
sp5wvByqf2k3zsHO,2
1234564,0
cloud$125,1
123456789,0
mK&S0HX!8ewJZsZeYQ,2
secure,0
developer92250,1
1234566,0
computer,0
rohit68,0
dwyzhFe6gUzJV7#Y,2
machine457,0
SSuHlKdXguBCCAI0,2
b8qwbCGNJ2WS,2
Developer3585,1
learning,0
secure,0
Computer2466,1
Ord@LH1ZXeyRC&8,2
Amit4928,1
Secure@837,1
database,0
Neha4827,1
j8y#pW^M0gtrzR06,2
python,0
1234562,0
computer649,0
Rohit@48,1
arjun196,0
Machine2122,1
database,0
arjun45922,1
abc123,0
vpUeWG&ggncgo14W,2
database,0
arjun87832,1
Science8391,1
amit624,0
vikas!571,1
dragon,0
@tl$jmGD6LH7gmwfL,2
Arjun5133,1
security,0
python,0
vikas56278,1
analytics822,0
machine30,0
Science@57,1
1234565,0
m3F9SXtgbu#8@vj!P,2
science564,0
machine459,0
learning!115,1
Python@10,1
A6RUgC6Q8U5omCaR,2
Sneha4793,1
qwerty,0
pooja$230,1
welcome123,0
Prashant9665,1
9$wwqnXP#X1FJYR,2
Prashant@432,1
BzALSqw#*PoT91&K2,2
prashant26,0
Security4705,1
computer5234,1
E$KgWX1OgbGz4CV,2
zyL5wjxw$pWf2JHq,2
user123,0
learning631,0
TjO^Cx%i#u1*&ZlS,2
1234569,0
ankit16036,1
FfPWoXG*Kd%V$$5!,2
amit329,0
aiAB2nA&3jtd6Qel,2
rohit814,0
Rahul@655,1
abc123,0
jT#nLMlK4WYd,2
Security@149,1
neha981,0
password123,0
computer28752,1
india123,0
jLiGmz!QTqEmKiy,2
rohit44036,1
UO2vaOFC3JUrQ975,2
Machine7988,1
Secure8834,1
rahul833,0
developer,0
analytics#147,1
lYU#bEv$r5uws9Tf,2
amit65,0
UX86ffPn%JH*wWWUj%,2
Technology@425,1
rohit1864,1
arjun659,0
Pooja@245,1
dragon,0
password123,0
hvHx%ZcKkB589,2
1234562,0
vR6iDWXqncz%#1,2
1234560,0
pl9q*a3%1Vf^2D9WSm,2
Secure4180,1
Pooja8918,1
p%aWAO0Unt2GH&2U,2
YA09wV9GNSYrpD,2
Vikas@229,1
guXals83liHCVkeX,2
pooja38548,1
Prashant185,1
%DveUEaulJZTYZz%,2
1234568,0
database@475,1
Hw0#nj#LRo$G,2
G4W9FR66d9oHiWCDO0,2
Amit@727,1
developer,0
learning953,0
amit894,0
tnpk@a*f9VO@J!,2
football,0
29*e#SYw6p%6ObbAWm,2
Database@571,1
pooja48962,1
vikas$296,1
learning,0
science150,0
data,0
Machine4121,1
analytics860,0
Developer5924,1
science90074,1
database$803,1
vikas294,0
rahul54054,1
Analytics@678,1
YI4U%50vxcqEGkAvY,2
developer56,0
knHtkXNDFK4qq^vdeT,2
rohit#571,1
analytics647,0
&NS9*Dl4NU0HtMba%,2
cloud705,0
Cloud7062,1
y03YFuXWCHk2E%,2
IK&I0yixrLo65I!yPc,2
arjun23,0
cloud12822,1
Rahul5114,1
data$83,1
cloud125,0
analytics27106,1
Technology5123,1
rohit27047,1
1234564,0
1234567,0
data,0
neha661,0
analytics#834,1
data257,0
ankit72137,1
P7Jui^t5LH*U6a,2
xcUEPi&Xy^@tKP0,2
science69576,1
1234560,0
Arjun@648,1
learning504,0
1234560,0
amit97246,1
mD&Xyy^Fw1nT,2
vikas@573,1
u&4TOPV03PE*BW,2
GU55YaeKc%rMaMCBO,2
arjun524,0
1234565,0
1234566,0
123456,0
MeWkhQS31pDbWgN^f,2
Ankit9265,1
prashant!237,1
Technology2435,1
HkZ#3qr9z!Yz^FF,2
machine92,0
Database5716,1
security81769,1
Python3835,1
password123,0
Vikas@470,1
1234564,0
Pooja2325,1
security#64,1
123456,0
computer,0
pooja@522,1
cfF^NQ!YucSTTME#J,2
pooja912,0
1234566,0
D1Et2NQ5*qAr*zrN^r,2
Secure9264,1
technology327,0
prashant20917,1
vikas632,0
DdTk9r#8VxX!8,2
cloud,0
analytics@959,1
P6F2ZfWOY&^e%n5,2
Python4035,1
%gyL4YMK7v2Lg%s,2
sneha12854,1
rahul60098,1
Data4107,1
1234566,0
WWfvQtuswg1NN,2
machine16408,1
1234567,0
machine676,0
Prashant@624,1
AgxshSeseMQlgn1wu,2
pooja@999,1
elMPVWi2iL8rpJ,2
Amit6789,1
analytics,0
pooja35034,1
@%@@xDLyapd7pA10,2
neha574,0
Developer1121,1
neha406,0
welcome123,0
developer918,0
Python8547,1
technology,0
data585,0
india123,0
rahul@390,1
Computer8613,1
sneha519,0
sneha751,0
1234566,0
password,0
Prashant@543,1
secure546,0
1234569,0
A*SOIsKFvjNR,2
gqd8gnXgl2Yw5TN,2
computer11295,1
learning660,0
secure935,0
welcome123,0
rohit23387,1
ZnPjM&7Z0EFu,2
technology$813,1
R*Ewj!o7Pm4wNZinWP,2
Sneha1017,1
computer631,0
technology936,0
data2064,1
Python@64,1
computer,0
technology58041,1
secure#870,1
rohit138,0
arjun@667,1
vikas@475,1
5XTCx2a@E#I0*Uee9V,2
database,0
amit!261,1
1234565,0
machine752,0
Machine@46,1
1234564,0
data,0
1234561,0
analytics,0
rohit819,0
t@0XE4vASgHogv7Z8M,2
Ankit@709,1
secure,0
fm&T3IQIImGY7Ey%R,2
welcome123,0
science14619,1
developer5461,1
pplqWxoxGL7j6J2PG,2
123456,0
developer58747,1
w!ns*3Bn4HnejjG,2
Cloud8164,1
Developer2493,1
!93Zi*CaX9p&TQMZh,2
security,0
learning196,0
sneha87,0
qwerty123,0
N@&5ceRhRfZpB%6&t,2
jes!c8fFqbwgN,2
monkey,0
Pooja@833,1
learning90664,1
python281,0
letmein,0
12345678,0
python,0
Vikas@139,1
0Ewex@lMS1aEyp^,2
developer520,0
technology153,0
security292,0
learning6677,1
python917,0
P1zPDoPDmE0zWCj8,2
g3sB6wXVr6yTIzQ,2
data114,0
security29816,1
Dl0%!B87Jb2FF,2
Rahul9503,1
python!445,1
Vikas1615,1
Computer2184,1
1234569,0
data,0
Vikas@82,1
L2I*AkQh$Ugo,2
database82151,1
iArQE*o9ACPTI#2Jg,2
developer540,0
&L5Viy6lkYwKjnvJo,2
science,0
arjun#440,1
cloud,0
neha#507,1
Machine@929,1
neha995,0
Machine@643,1
1234565,0
data,0
Secure@562,1
analytics,0
learning723,0
Neha2419,1
Python2294,1
Pooja3620,1
y^CJzck&5l$Yy!O$h,2
technology$388,1
Cloud4673,1
secure168,0
1234567,0
Data@100,1
security61570,1
Machine@53,1
Ankit@37,1
sneha17276,1
Vikas4019,1
U93H8pV$cHuhsO7rT,2
password123,0
machine84747,1
data,0
arjun13561,1
security,0
1234563,0
^&o16joqc9SNUr4%R,2
rahul763,0
Secure3448,1
password,0
h8pGfiMbmpAzxSdl,2
1234568,0
1234560,0
ankit176,0
8Ux4nxTW2B$D0oOp7o,2
@UKfkP@oXK6N4,2
science878,0
security!415,1
kpsYZnviUzRzZpD2@,2
vikas$374,1
!$Js6npG!@Drdmg,2
rahul996,0
pooja$821,1
1234565,0
e3pX5OW46eew,2
Mv!3rNX!o!*88u#hY,2
Rohit@641,1
Python@56,1
neha$109,1
database47041,1
Neha@77,1
1234566,0
Ic8cOWXPm!mAR@#,2
Security4917,1
KHgMZClmRIi^8,2
Computer@677,1
Arjun@214,1
6xc%x@B7I&3h%zU7,2
technology308,0
data55059,1
arjun31950,1
analytics498,0
Sneha616,1
developer!996,1
secure888,0
Arjun1489,1
#p%^G@lEpOQXE2Bsn,2
qwerty123,0
ankit!334,1
arjun@381,1
Machine355,1
admin123,0
E4XbYGMlEMAu4O0eJk,2
Rohit6775,1
security,0
vikas@655,1
password,0
1234562,0
learning63700,1
PKzk1VxYWCccDl7zHv,2
machine,0
developer446,0
secure295,0
secure745,0
secure242,0
analytics88,0
1234566,0
data74007,1
Database@831,1
WMYVqfwHv#@R7qlO,2
sHoOfq@JU3KHH%O,2
security@579,1
science,0
1234565,0
Prashant@876,1
1234564,0
a^x1jF@mQdKpY,2
neha!93,1
Prashant4422,1
PqBgKPhjWlZGwEZ,2
amit167,0
1234564,0
developer205,0
rohit$102,1
Pooja3063,1
7Ct@^^kL73k9Mt,2
1234560,0
computer423,0
GTGk#co7wxYfk1MO65,2
HRxBxkHn3&caYobv96,2
Arjun@508,1
Machine1445,1
learning149,0
lM7s82covt4!8,2
monkey,0
cloud$435,1
Le!Z!$!Dh^c2OiI1,2
science#469,1
ankit744,0
R7qLX1U8uAKl9,2
analytics104,0
Analytics@58,1
Arjun2608,1
rahul81945,1
Developer@797,1
database52,0
12345678,0
vpAUuL4#@mtU,2
Secure2024,1
developer,0
database20871,1
computer,0
monkey,0
data445,0
learning,0
Technology@748,1
arjun626,0
4SZzMke&QXq%*KBl,2
N%Rucd*HEM2#ohVH,2
pgp5Ma6RE&DSMK,2
rW%FnP%yU6ms20klh,2
secure!388,1
%YH@24!1us#q!6q$,2
B68euVp0opVL,2
security,0
Cloud@812,1
Computer@510,1
machine,0
rohit@526,1
arjun#101,1
analytics!991,1
Sneha@734,1
pky*g%y8#cp&xcJAF,2
k&PZf!cR3x1d^OW,2
data14019,1
admin123,0
xdhMXmOs0PHWpg,2
analytics521,0
developer417,0
iloveyou,0
1234561,0
technology252,0
fa7Lvah9IGWSB$K,2
qwerty,0
computer,0
sneha99657,1
learning61266,1
1234566,0
Technology8826,1
Arjun@842,1
security17353,1
Cloud@30,1
vikas641,0
database37799,1
science75593,1
wiqiqHD%Jyc&G6a2g,2
Rahul@134,1
fCgJ1&5OaYyQkdC2jF,2
qwerty,0
Rahul@826,1
1234565,0
1234567,0
rahul939,0
monkey,0
computer99,0
1234566,0
Rd6%Qynnbiyq,2
T194xFrfhqN3$T,2
Neha@160,1
database68853,1
g2SzzziRy87QQM1Qun,2
python29757,1
analytics753,0
cloud,0
secure,0
amit203,0
Ankit@210,1
learning,0
1234562,0
ipsqyy&WVO2Ffy&,2
secure33397,1
!Ak8iv$X$V@%7wPV,2
9@8IZeACz5EYBN2Wu,2
developer!312,1
Df7$R25730V@OI,2
Cloud2952,1
Data@535,1
security,0
ankit310,0
*HbMKSZZb8$tY,2
developer602,0
learning@449,1
1234562,0
technology,0
technology,0
neha75393,1
1234569,0
technology$202,1
welcome123,0
12345678,0
computer,0
6hV%bvP0Yuoq,2
9iXAqAN38uNz#6J,2
1234563,0
Neha8053,1
sneha46453,1
analytics$478,1
database,0
iB@0pVjn#P05vG,2
python655,0
Technology3195,1
sneha497,0
Secure7723,1
wLp&YvjbIt4T,2
qwerty123,0
nXN4gagWzFVEzlc1d,2
amit697,0
pooja525,0
*Y2pDBnTPwbZO,2
1234564,0
python#795,1
python615,0
welcome123,0
cloud77681,1
bDcpNE2FkhrV@Lzt,2
Computer@955,1
technology41,0
cloud97059,1
FCW%Px4ai!iy,2
amit129,0
prashant437,0
secure293,0
computer387,0
rahul80874,1
Cloud@884,1
twGW7N6KW9jQr8zt,2
database743,0
Rahul@392,1
0epXuy3GS$!V,2
science,0
ankit620,0
ubolXYk%y2v2GM#&,2
Neha@431,1
admin123,0
1234566,0
Sneha@451,1
developer972,0
BxzhxyH04nvkLkWpJi,2
Cloud9605,1
password123,0
developer986,0
Learning@354,1
Analytics5928,1
learning1404,1
developer,0
Pooja@433,1
rahul993,0
ZkS28mXLys%#eq@,2
welcome,0
Arjun8868,1
rahul165,0
arjun@954,1
welcome123,0
technology86710,1
1234565,0
1234566,0
science868,0
database@119,1
secure858,0
Secure@159,1
amit36841,1
machine8708,1
rohit878,0
learning485,0
data96257,1
mqPgM6ur49LsABz,2
technology880,0
arjun8383,1
machine445,0
prashant247,0
vikas$291,1
cloud16286,1
1234561,0
sneha661,0
welcome123,0
Ankit8798,1
1234560,0
learning6130,1
1234561,0
Database@443,1
analytics144,0
Amit5779,1
rahul193,0
BTJq2jGHWuZ6kG2s,2
jIyV$u1tO3WdF,2
admin123,0
Sneha@941,1
computer993,0
12345678,0
KImgvOXxS&Z9qH,2
data,0
amit695,0
database#985,1
DNlN0OlkjElvhkK@b,2
Arjun8344,1
Cloud@17,1
1234562,0
developer362,0
technology49927,1
pLM9LHBaYBN$e7!hTa,2
QMTnaSxZTbm3!zk,2
t0p!atGC8YVMU2x&,2
science87019,1
rahul48085,1
Python2200,1
secure122,0
qPZ#XqoncqtS#bE,2
database,0
rohit57223,1
prashant885,0
vikas92900,1
secure197,0
cloud,0
admin,0
science#738,1
rahul187,0
Rohit@113,1
Database5486,1
qQUU^VEJAXlnqpfyy5,2
arjun634,0
tfqy1GSU5p3i91^#c,2
india123,0
sneha702,0
Amit@808,1
1234560,0
Amit@320,1
vCf&ELfsJrIg,2
cloud,0
Data@749,1
Python@234,1
database,0
A4CPIAYt5D3Vs9l@,2
rohit836,0
cloud@847,1
isj2F6Zm^rbmW,2
cloud2776,1
admin123,0
Rkzr94uNQ9tFh*I*p,2
prashant558,0
computer,0
data,0
Data5477,1
w2^Qx2tMKSnI@,2
developer1285,1
Secure6409,1
database,0
analytics435,0
QrFX1@&&@&&DXk1^Cl,2
rahul209,0
neha370,0
FAChrpsWd2Vgnj9,2
udsUskFjb1tx8r^M80,2
Prashant226,1
w#ubY26H#ND2uIl%Wq,2
1234568,0
sneha321,0
secure,0
QdEKu*niBbNyzeEIkf,2
9fgOlNbTKY#yOYTqmQ,2
amit@34,1
neha@708,1
amit906,0
%R5qRLU3fXEAjt@m,2
technology917,0
1234564,0
database$274,1
Prashant@592,1
Technology@949,1
OVk0#5HfhFbtnLWuZj,2
1234567,0
science!949,1
computer#360,1
cloud559,0
qwerty123,0
Rahul7766,1
Developer4139,1
technology$902,1
Hxgl2RMvzS198,2
u3TXbzjsPObt6s@Oo,2
developer95671,1
sneha13772,1
Vikas@625,1
qwerty123,0
machine$674,1
Rahul@858,1
sneha439,0
WK3Kmlnlc0n@*m4,2
eL1BC6Woz8pS70Ya,2
analytics#324,1
1234565,0
Qv3EYyYg2qXwZO,2
3Dmq#pYHuPAll,2
1234560,0
Wdq6TxECMy&F,2
Developer857,1
no6pnsKHxlj@UAYm!c,2
data@713,1
learning22116,1
epRS9*au%Gpyd&c%$,2
neha118,0
analytics,0
L7@3$ZyGwzJYnNvA!,2
Prashant@775,1
X2zTVi5ve$G0,2
pooja47170,1
Rahul@261,1
Secure5161,1
computer75379,1
XKB^BnJj13OO,2
analytics48,0
sneha176,0
Kca7KqZe&^fR,2
technology,0
Database6569,1
Machine@879,1
dCgbrnP3Cvly,2
Ankit90,1
security705,0
vikas19056,1
Secure9580,1
E9!JP9ClHLkTFAjj,2
python@489,1
1234568,0
machine86890,1
machine526,0
123456,0
prashant763,0
Cloud@553,1
1234566,0
Amit5477,1
1234562,0
Amit9962,1
amit118,0
machine717,0
science97196,1
qwerty123,0
arjun930,0
prashant171,0
dragon,0
vikas361,0
science3279,1
vsmmMQ5!S*G!GU6b,2
Machine@803,1
cs0CsT@dF3UAlyWnJ,2
^wHSQY1JNyf%Rp3,2
neha38802,1
arjun69575,1
rohit#25,1
machine,0
cloud,0
Amit@986,1
secure225,0
Analytics@418,1
Pooja@587,1
zGr1zMNkM7*xW,2
Science@462,1
Database7016,1
1lrMF$Vq*LgY,2
technology896,0
123456,0
Neha7898,1
rohit576,0
sneha!834,1
zoiatp%mFAn8d#4Yh,2
data,0
4p3scxsEv$*z89LLm,2
VJYXn712sdK6pXb,2
e4fTr76JbuT##A,2
vikas52199,1
Sneha@480,1
data50351,1
#^HqPSZifduDmn@8P,2
database914,0
cloud868,0
pooja!725,1
secure@268,1
arjun30556,1
rahul645,0
1234562,0
Computer@857,1
pooja!459,1
Data9334,1
analytics79838,1
developer93179,1
Data8765,1
o8HdeR1HzQhrAQhE@,2
user123,0
Pooja1330,1
learning359,0
analytics@557,1
technology387,0
Ankit@458,1
computer58216,1
1234568,0
python59,0
security,0
india123,0
ankit65871,1
vikas49094,1
O*#ngS0!JkAr%D,2
ankit17088,1
Sneha7444,1
Developer@317,1
@cWX4fCAWx3&gNe,2
SdRHBdR32hnXK&72%H,2
science,0
data#594,1
india123,0
secure868,0
Cloud@487,1
Sneha9129,1
pooja42160,1
developer65871,1
1234562,0
Neha@576,1
cloud71836,1
Science1279,1
learning426,0
secure#353,1
Rohit4827,1
Secure@118,1
$SBWetWkjC#1&p^g8,2
4OIyLFQFUD6OoE40,2
Data@527,1
pooja59847,1
0rHKROpk01#s@,2
1234564,0
science5466,1
developer,0
database,0
nfjT5053L9rx$kta,2
V6WP4w$JmDM@Rg%^,2
2KPXOwsfA3%JOmSK,2
analytics,0
Pooja1748,1
1234560,0
ya!dVAK24%q6Lop43@,2
Data2251,1
1234567,0
python,0
rahul972,0
CzH8t!x@Kqzl%Ba,2
data74103,1
computer,0
Amit@870,1
Rohit6435,1
12345678,0
neha677,0
Rohit@713,1
Amit@72,1
Technology7250,1
rohit!325,1
Analytics9389,1
Qq*ccWlQTig%AU&z,2
database,0
Rahul3542,1
password,0
welcome,0
Science@420,1
123456,0
python754,0
security,0
Prashant@280,1
Data@584,1
FWc@YV*n5CdYD5V9,2
NQskmvA!FksZ,2
8%Dh@G0NRteP0aIA!*,2
Learning3872,1
1234562,0
cloud907,0
football,0
Science@747,1
vsL%AV%G87AQrv,2
8bO1wt8iaNyzm&6Qm,2
sneha609,0
sneha#850,1
NVZG*zjtnBJwHnq%X,2
neha80269,1
amit94,0
cloud!150,1
arjun!256,1
Technology7783,1
BvJs34!Gp3SwdU7S2B,2
yWVwbz4U^yaNQmVG,2
IeJ9YfGJhd86,2
Security@905,1
india123,0
Science928,1
ycQOvU%bZ1hiy#,2
prashant177,0
waNJSpR7l7lolxl,2
vikas642,0
prashant95932,1
rahul389,0
0CyIzwLH4Hl!TU,2
sneha@47,1
vikas216,0
vikas73300,1
computer35189,1
secure#587,1
PnTbu18QRmxT,2
security!459,1
3Z8FGVR9ZMfD#n12,2
neha78735,1
Pooja@984,1
data821,0
security1110,1
Machine1326,1
arjun866,0
science73067,1
Arjun6175,1
Secure@419,1
Pooja6462,1
1234565,0
vikas770,0
Computer@319,1
sneha#328,1
Python4286,1
data!681,1
qwerty,0
sneha!320,1
Sneha@836,1
vikas71126,1
Ankit@91,1
z$63g7Kfp!6UgV,2
Rahul@313,1
welcome,0
Te&YFwk&mqs@,2
developer@950,1
data624,0
kRM2ZcxGk3oyHM$*F,2
science,0
cloud,0
cloud28149,1
developer79522,1
machine295,0
Q*X8bRROS4t7@A&,2
abc123,0
Ankit@222,1
Prashant@169,1
1cK!EW&qWpmYBBo,2
wuZ0TB1JOUnO#&,2
CZ@7K5uwZKa&Q7w,2
abc123,0
r#k0cPFv8lVcX,2
yu6VEw8zPqLidA76,2
1234567,0
india123,0
computer,0
&d49hLYfUZ$4,2
Science1707,1
data935,0
database76,0
database,0
ers%KdCVULNuN8,2
Arjun@771,1
Developer@881,1
database521,0
Pooja@669,1
W!v^9w9WbiRCNA,2
ankit624,0
rohit75633,1
1234565,0
admin123,0
neha33502,1
cloud,0
prashant928,0
1234561,0
python453,0
1234564,0
pooja882,0
6aG0I@wQ#9$KMH&FRJ,2
N4ox!aO$8@uwi3Mm,2
learning24941,1
welcome,0
pooja75843,1
data,0
1IDH8MVsNQTO5N2,2
1aZh0Tr6JczAGLV,2
pooja810,0
arjun451,0
rohit!809,1
Analytics4599,1
welcome123,0
secure43538,1
ankit588,0
Neha8965,1
neha981,0
Prashant@380,1
pooja$447,1
python#26,1
developer,0
vikas95,0
l7yj3J75tQjxR6^3cZ,2
aXcbCP2tHCP&6z,2
tysANxmd&fq*Si,2
learning87267,1
developer29473,1
Science6155,1
Prashant6550,1
arjun936,0
security768,0
1234564,0
monkey,0
Database5088,1
rohit37007,1
developer160,0
science,0
u1ww%txUoud@ANZ,2
Developer5270,1
python54432,1
12345678,0
Prashant6810,1
Rohit@141,1
m9@zqC$qsCkmZKnFC,2
Security@737,1
data594,0
rohit15,0
Learning@502,1
1234564,0
science86912,1
Learning@477,1
iU2d*qmD6opLqS,2
prashant73521,1
Amit3202,1
1234568,0
neha553,0
security90180,1
2zJgZLX%187PrMaj,2
Vikas9115,1
data783,0
iloveyou,0
rohit915,0
monkey,0
^n8D4Mp*6tjRIf,2
developer83168,1
Machine@115,1
cloud,0
Sneha8330,1
analytics227,0
science$631,1
1234561,0
learning727,0
vikas$882,1
%eZ3dBxdQmL0d6GTST,2
sneha803,0
arjun664,0
Data@641,1
analytics655,0
sneha360,0
1234568,0
Ankit8828,1
1234565,0
Technology2189,1
Analytics@261,1
science252,0
cloud879,0
rahul73250,1
ZXHUH3VUEO*TjrPF,2
qm#8&OnDSC7Ig64@,2
ivc5hS9siTiJGd!,2
Vikas@230,1
Analytics@978,1
india123,0
^0uyFwxd@pQl,2
computer825,0
secure24984,1
developer12892,1
analytics,0
rahul571,0
1234560,0
iwy@x&BSmtVw4w,2
4de&pNLnSx%vm,2
computer#970,1
X5oiRFUsE!yZfTh9m%,2
database545,0
zKPr5zL2Z3Wk!d!nP,2
XN@Kh^fylN*wOg&,2
password123,0
Amit8594,1
12345678,0
machine16,0
ankit5,0
analytics53685,1
H2NAI0b10WJy!GbYf,2
secure10243,1
Data@345,1
Machine8796,1
computer73712,1
89noDeXxkiE3,2
4s4f#yAOfbtRGw,2
prashant85428,1
amit@353,1
1234564,0
cloud115,0
cvPVesnDaWahXpCe,2
jc8XKX5E!GS69t6&,2
analytics@996,1
Security@31,1
developer873,0
computer905,0
prashant#343,1
amit252,0
70VNBYs8n*5M0g,2
learning394,0
science,0
tZzt0O7Fq!O^emikcb,2
prashant321,0
data#607,1
learning38976,1
1234562,0
8JFos4mfrW8W9vcU4,2
x5c!SRkViwrMYtoz,2
machine$26,1
secure533,0
security#279,1
Learning672,1
Ankit524,1
Technology@399,1
Learning@884,1
letmein,0
Arjun1399,1
prashant249,0
EljbbRjt6Qnphrzkxl,2
password,0
learning@735,1
x8Kh4x#akwzHs*ypj,2
science,0
#KB2GSE^aGKuihi,2
database$91,1
123456,0
O5T9V@M!O*yDvf,2
rahul$484,1
Secure2337,1
welcome123,0
Arjun2840,1
security203,0
security@204,1
@33u!hTniP9LsE%@B,2
Rohit@656,1
pq^KRVqV8ic5V1F,2
security,0
QyqPDEF!8cO$mX,2
developer,0
pooja797,0
Python@238,1
sIO!O&zypLhy^#K,2
pooja718,0
Cloud@669,1
secure@618,1
science@733,1
Security9618,1
ankit#861,1
3PYwPeKPf$hq,2
data19338,1
security,0
pooja559,0
lA5uoHDEhdgC9ffCDt,2
football,0
L@d1ifzeAD!aSkV$vY,2
learning,0
$XuzGQzPHYpK5d,2
Pooja8395,1
science27233,1
MU7gDGB$dNbBxQA@XP,2
Technology@179,1
123456,0
Cloud4981,1
Computer@769,1
Sneha376,1
Secure4314,1
Security@98,1
Cloud9237,1
arjun$452,1
Security227,1
Vikas@500,1
admin123,0
3!DgKUlV68*uVV*sPS,2
Security@391,1
security,0
neha661,0
1234565,0
user123,0
Science8224,1
Ankit2708,1
Database@545,1
vikas30597,1
prashant508,0
machine72036,1
password,0
prashant#687,1
security214,0
9f!e@OSdG8X&m2S!,2
technology928,0
ankit!475,1
analytics#327,1
india123,0
i#x7JX&gGp%!w5L,2
password123,0
computer795,0
rohit229,0
Vikas1912,1
Rohit@450,1
18eJ32iilHT8,2
Amit3995,1
z5*VH9ix0ofDz,2
welcome,0
bo^I^bMrOF9By899Bm,2
arjun649,0
football,0
F0UCH0h3fPYdy,2
technology80486,1
Pooja@671,1
Data7100,1
computer,0
PN8$!Xr8Rl!R&%iG,2
Developer@535,1
1234565,0
developer79349,1
computer#219,1
wpLFARx@VFY9I6&R,2
1234566,0
cloud#960,1
Ankit@533,1
python,0
123456789,0
secure131,0
cloud,0
Rahul@235,1
rahul567,0
Computer@27,1
science33269,1
Pooja2723,1
machine870,0
computer730,0
vikas769,0
rahul!521,1
pooja!625,1
amit224,0
Analytics6226,1
i5cXSUWc!352l,2
Developer@285,1
Security2771,1
Database796,1
data34442,1
Developer3057,1
machine,0
2vEczjimIw&p7Vw,2
technology,0
c##hYrvg8tqEVJ7F6w,2
technology44,0
1234566,0
Z^7%TZG^0v#@qeAjV,2
Science@401,1
sneha204,0
neha86075,1
secure499,0
Database3363,1
cloud359,0
data$51,1
letmein,0
cloud,0
1234565,0
machine!914,1
rahul!167,1
arjun96872,1
123456,0
cloud26492,1
Ankit9319,1
technology68,0
1234565,0
Rohit@581,1
%JFCc39IQ$M@Z,2
1234562,0
1234568,0
Rahul6561,1
qwerty,0
Technology@434,1
science$960,1
Z3EKFvRuPWkmk,2
rohit554,0
cloud,0
fvNQmekfayvY,2
Science@308,1
123456,0
Pooja@300,1
secure301,0
welcome,0
vikas897,0
ankit789,0
rahul17071,1
Sneha@170,1
secure399,0
arjun93948,1
vikas87298,1
Rahul1537,1
arjun619,0
Python@379,1
cloud64281,1
arjun36841,1
python#561,1
machine643,0
prashant75959,1
developer86466,1
YHa^DfC5EYa3gj,2
Ankit8964,1
Neha3506,1
abc123,0
Data5396,1
rohit674,0
Computer2695,1
prashant874,0
technology856,0
9JkTlTwXy*Gc,2
liusRu%&y9SdRX3n$Z,2
qwerty,0
arjun790,0
cloud,0
rahul42309,1
python608,0
Ankit9047,1
Analytics5122,1
ankit681,0
learning#86,1
machine3979,1
123456789,0
Learning5225,1
password123,0
*MMmZfN1lQIgrima,2
dragon,0
Security@926,1
learning832,0
123456789,0
y@Eh3BXy^LSrZ0,2
IFp1G@aoZyGqxp,2
database48,0
qwerty123,0
iloveyou,0
learning50640,1
learning879,0
developer!453,1
developer297,0
data437,0
6SMC5zJ9XIu9,2
science661,0
1234565,0
vikas#774,1
python,0
developer944,0
tcP1Ra9yxnN2,2
Vikas@214,1
science,0
rohit$243,1
jnrD0fA70&jn,2
rCBBVmeGb0pJ5Al,2
analytics13256,1
learning776,0
1234563,0
cloud#781,1
vdmcJywuDfwzAzqL6,2
data,0
arjun21175,1
technology23462,1
science!167,1
1234568,0
Q5u&B52w4JOHBczZ,2
Technology8782,1
1234561,0
technology94382,1
qEg$*jE&kR^&l,2
developer@55,1
computer29902,1
j2*kP6vJRdebddd,2
welcome123,0
technology,0
india123,0
LLHuk*s*9K!%jtwK#,2
fOW8f#37dfgaHFWSRl,2
Amit4516,1
secure,0
letmein,0
f8g0AE06Tc^xqihIg,2
1234568,0
data561,0
football,0
developer!154,1
Lv%N0MucF1qV^3BnN,2
data$308,1
neha776,0
Learning8914,1
1234564,0
^#cCnVE#%wJQr7hReL,2
amit210,0
OpYCsnlm6^7p*g,2
Elz@BrZPCf0ej,2
security399,0
0^bbxAddnQ1oq^bFWQ,2
Sneha8158,1
Cloud3511,1
1234568,0
science@416,1
cloud19257,1
data76,0
Learning5542,1
Secure@427,1
1234560,0
rohit437,0
football,0
abc123,0
1234566,0
3n!!2sA^HLfoE,2
Ankit@468,1
arjun755,0
cloud105,0
security,0
neha3067,1
pooja$795,1
Ankit@773,1
neha594,0
secure,0
ywynxCLs3Zh0c8tY,2
pooja996,0
Ankit@631,1
football,0
Rahul1940,1
sZT*s3IlWWS0jBb92m,2
machine,0
1234564,0
sneha4860,1
password,0
1234563,0
Cloud@394,1
security56,0
amit893,0
secure18,0
pooja!741,1
abc123,0
l!8XguiHcY^&Hiyzz6,2
rohit978,0
Technology1791,1
qwerty,0
learning326,0
ankit46215,1
Data8942,1
user123,0
cloud,0
data927,0
xjbul!&xnyH%1,2
analytics804,0
1234561,0
security235,0
dragon,0
rohit$251,1
sbUaW*skvxCSPulYUb,2
ankit14749,1
data336,0
pooja#250,1
*K*cuqeQeD*3G#Lq,2
Pooja5543,1
Database7413,1
data$468,1
computer!966,1
technology$516,1
ankit$527,1
1234560,0
arjun1085,1
python#783,1
Pooja5447,1
technology,0
security52534,1
pooja25338,1
IYCy*nRZvHkPx&R9w,2
technology76424,1
arjun623,0
YVUd!%HXPcP!,2
Developer3683,1
jo99vgz%QEIelUAYNl,2
Machine7443,1
qwerty,0
security,0
technology,0
1234569,0
ankit@785,1
science,0
Security2252,1
neha$561,1
Machine@514,1
Ankit@612,1
Vikas4729,1
iloveyou,0
welcome,0
123456789,0
learning@658,1
xmKMK%^XX!s@C254L,2
Secure@385,1
Computer1150,1
science,0
hWbl%F1H!uA7,2
Cloud8734,1
Security@501,1
Ankit4362,1
secure67968,1
database451,0
1234563,0
dPxwtB0vm2PjM,2
arjun148,0
*AONI1p!7@CuYLFcQH,2
neha!194,1
4axw4iuhQF7^@oB!Pr,2
%FqtdmrUYgywefH!,2
7%##4SAV$TxE&Yhfzc,2
Machine@670,1
monkey,0
technology,0
ankit204,0
india123,0
user123,0
python888,0
Arjun2297,1
Technology1722,1
e5rR^4FzBeLy3WRA&,2
qwerty,0
secure24,0
RbPrtKWqcyUSW,2
amit733,0
cmD6psJy2TP*UXN,2
qwerty123,0
security629,0
login,0
data56862,1
learning,0
password,0
computer,0
Machine@463,1
Security@501,1
Rahul54,1
eAd0Dm5ZJl!u,2
Amit@23,1
Science2436,1
Data3212,1
science,0
amit@830,1
cloud,0
^T522G@dApaQzzZu4G,2
Technology7166,1
r8cehIZ12mNQd,2
12345678,0
python99175,1
iIaOFiOwfG#eM@Y^@C,2
learning124,0
Ln0WmtB!Kg!9IFDw,2
Rahul3008,1
biHv3rdB7g$6*vn,2
data,0
1234569,0
#5sok4c&#L$dj*ZH,2
Ankit@786,1
D4#V4b*whdH*f18O,2
Arjun1545,1
pooja12993,1
Iv2#t7Y9gIfTDpH,2
1234567,0
1234568,0
1234567,0
Security@56,1
X*FH2dI5$Nti4bt,2
nXsuTF0J**qa#C,2
Ankit6565,1
secure@780,1
i2cilMjBoFTuA0nD,2
dragon,0
Learning9124,1
letmein,0
2OeyLJd1Zi89,2
1234569,0
cloud888,0
mIk4I0%nCPxYW,2
ankit@725,1
4N#WNlPRHOgoprxh,2
Database4046,1
Science1163,1
arjun771,0
Learning@736,1
Database9832,1
1234568,0
Security@952,1
33@0gP3HubNO2U!4,2
Ankit@471,1
arjun825,0
developer50972,1
Learning@121,1
SDgb2uxpwtLx5298,2
Technology2210,1
1234565,0
Ankit8481,1
1234567,0
machine904,0
sneha139,0
data96741,1
D9RD3SX&g7SvVH,2
NqpD#PGUIge2G,2
sneha38382,1
science,0
!k54YAFLv!vdy&Wv,2
dragon,0
XFfGQyeXDP*#sIDQDN,2
database894,0
amit!872,1
Security@270,1
Python8721,1
Pooja@731,1
1234568,0
ankit82539,1
NO9r9nJ5rGWD,2
vikas554,0
secure@616,1
football,0
dYuAw%$gBvspfob,2
cloud65,0
rahul!530,1
Science@95,1
Data@949,1
Sneha4007,1
Developer@794,1
Rahul9655,1
password,0
Developer5407,1
Cloud@453,1
learning,0
cloud,0
secure791,0
technology576,0
ankit@396,1
1234563,0
ankit!493,1
UdV2xU6j6WcE,2
database783,0
xWbMkaVrj7UQ$Op6,2
Prashant@102,1
Pooja3039,1
Zr3Iwus9Q$j5gHUIq,2
secure,0
Amit@875,1
cloud!74,1
pooja282,0
Rohit@176,1
prashant498,0
data430,0
Va9ihShloVaw7nlOx2,2
neha233,0
python,0
1234568,0
ankit92635,1
70B0SqGJ8o0l$s8z,2
Ankit@933,1
python47110,1
technology746,0
Amit3974,1
developer58071,1
CGM*#yMwODWMZr*g,2
Learning@845,1
machine,0
Security3384,1
Pnf@NdnDmkm7#X,2
technology303,0
cloud,0
welcome123,0
security,0
password,0
Science@893,1
4Re4Kf@m4yq7gT,2
UdDigbYKBMbApaJSq,2
qwerty123,0
machine,0
w*TSFVRsfUXjeh0!,2
bcY2hj*X49HfE9#I,2
amit584,0
analytics,0
Cloud3581,1
amit389,0
Science7536,1
user123,0
password,0
Analytics@792,1
python394,0
secure918,0
neha72176,1
vikas755,0
Python3793,1
data80,0
Cloud9772,1
security94545,1
Vikas@672,1
p%!aUm3no#3B&VQkO7,2
Security1553,1
analytics@78,1
$9w$JQNgm$rv9,2
1234564,0
data,0
Rohit4577,1
neha592,0
rahul650,0
sneha510,0
Vikas3187,1
Learning780,1
analytics471,0
&Cqjcul1j8MW,2
u^BpdHF*JiXY,2
science962,0
Cloud@385,1
technology99715,1
Secure@534,1
technology,0
pooja401,0
secure663,0
monkey,0
science,0
PItm$$f&@m0sENkWH,2
technology,0
security88387,1
admin,0
computer,0
technology$348,1
neha95600,1
Analytics@587,1
technology66901,1
Secure1305,1
bQN$lRxZsPVWYM5xo,2
1234565,0
1234564,0
Fu1oMONBh50C6,2
learning703,0
TvspkV5lJOuAUJw3#6,2
developer7371,1
pooja816,0
Prashant@601,1
Computer3204,1
analytics,0
sneha87282,1
arjun96615,1
Prashant@445,1
user123,0
Security@134,1
Vikas2535,1
x!FSqVTBEsvt4Dy%w,2
analytics,0
123456789,0
technology7416,1
pooja16832,1
python!169,1
letmein,0
Arjun@790,1
rohit43508,1
qwerty123,0
GtStxwTZhWxRBV,2
amit854,0
secure,0
learning,0
learning74,0
rahul521,0
8UXiOJ8fUOGjwiVl2I,2
learning,0
1234563,0
prashant@71,1
123456789,0
@mrltNjzF3Z7&6Ze%8,2
1234561,0
learning783,0
vikas$674,1
Analytics3417,1
WQNyd$QxDpsf,2
cloud794,0
Developer@665,1
cloud$584,1
machine$518,1
Neha7347,1
Computer@446,1
security716,0
1234566,0
sneha81,0
WCPAgV7bwVSou^u70,2
1234564,0
QYSK03FMQHLCNGjNpY,2
FFHJ5KCI0Hc^vsCg,2
#1q9B&%ImFunb5,2
analytics,0
Amit@303,1
Neha2171,1
Developer9294,1
india123,0
analytics,0
YyQR8a3kBiHUMyHPY,2
analytics10499,1
security54398,1
welcome,0
1234566,0
ankit5282,1
JWgtl!4Ki7HyeMAOht,2
1234568,0
Rahul@195,1
qwerty123,0
rohit339,0
secure419,0
security956,0
Secure@634,1
password123,0
vikas570,0
amit278,0
6icl6uuqLgVh40,2
arjun!861,1
Learning@118,1
neha656,0
sneha45496,1
pooja#404,1
G#sF!Fy5jxmqkl,2
1234565,0
Pooja829,1
machine83480,1
Science@642,1
neha753,0
sneha969,0
xucULtsoWwWPHWy,2
science,0
Cloud@870,1
1234565,0
amit#204,1
Developer@447,1
Analytics@473,1
cloud429,0
Ankit@838,1
utKojP0BftOOZD3F7,2
iloveyou,0
Technology1255,1
myAnC&ffI&Cuik,2
data,0
oV&t3*1&@ZMbno^PH,2
hXNNrafXw#@4^9FO,2
XZKZNp3qBLxos3,2
qwerty,0
security!298,1
ol85t0J^mu$zochC,2
Rahul6724,1
science,0
python,0
developer,0
u1vhh5Y&3u63FDwA#,2
AB90k#Ro*ZwY6nF,2
ankit15242,1
uzCtm*$CSx7i^9PcZ9,2
Technology@54,1
a&%mIFjq740o6,2
oT1&F*MS@wctYWVZ&,2
Security@859,1
Computer@529,1
learning652,0
secure$284,1
1234567,0
!ca6N@GTKZJj$y#,2
science#869,1
RAZ&&nWL&dHLObv$Y,2
data409,0
abc123,0
I&GT%nCa*yfQ9,2
Arjun8871,1
1Ebt5VbgaBfSXZ,2
science18,0
science@855,1
L35g#9cp^8u1edoA2,2
Vikas@246,1
developer!412,1
Arjun@582,1
welcome,0
Database@903,1
security24697,1
secure511,0
machine38823,1
PvmD&COa!krKQSB,2
vikas58,0
prashant952,0
rohit56784,1
PPPvxNvSrOmZo#,2
Rohit6043,1
Python8678,1
Prashant@285,1
letmein,0
Science@317,1
Pooja3338,1
prashant543,0
1234567,0
iTw9*8zbK3xOi,2
Security@718,1
welcome123,0
vikas885,0
developer$463,1
secure230,0
secure,0
Python9997,1
1234563,0
login,0
vikas420,0
technology#644,1
4vV!QS%q%ogwsj,2
neha96830,1
Amit8864,1
Cloud@604,1
science28015,1
%nkxBdA^#R3&okF,2
&kJRbcvn47gVOs2,2
Neha@852,1
c7bOyqYcppEkbF&q,2
NrOSpF2fh^P&m#p,2
neha63,0
data$220,1
secure#531,1
ATEhaQ*P3lUL5,2
computer246,0
TSomWLFYfr$E8,2
security@567,1
rahul45972,1
WGGi0jen7PAQ,2
M0HfVpey*ar!BbHs!1,2
developer,0
Science@602,1
technology46,0
developer83142,1
secure,0
database#560,1
1234566,0
nXIezNA#%i#@,2
sneha454,0
technology,0
cloud,0
data559,0
letmein,0
database669,0
Secure129,1
vikas859,0
admin123,0
NmssJ*7d8tXG0Ax,2
secure,0
1234568,0
developer442,0
sneha13,0
security799,0
Secure1158,1
welcome123,0
analytics!36,1
technology798,0
1234566,0
sneha906,0
security892,0
developer828,0
ankit314,0
machine@105,1
neha186,0
ankit313,0
Pooja@700,1
science$90,1
MdrIST*SoWeqnnoO&l,2
1234564,0
G92$1qB7Whb#^IN,2
Developer397,1
e!Lqk3MfgZ^z,2
Pooja@814,1
$3I5f#upC^0OJ3,2
rahul173,0
letmein,0
science813,0
Analytics9737,1
admin123,0
neha$216,1
&6fXb*RM*k29HXFfg,2
learning225,0
1234561,0
machine,0
Amit2328,1
security,0
Rahul@339,1
Neha4488,1
arjun142,0
#trC$5KatYse,2
#i@HPr7DTy0NuC,2
Prashant295,1
Qno1iwPScKYoe,2
cloud271,0
science535,0
1234562,0
Data@138,1
Vb@23PCHNWfNws41C,2
technology15034,1
database,0
secure$95,1
Ankit2780,1
cloud522,0
Database6566,1
0*4$IL87kuhAUbe,2
science40755,1
admin,0
Rahul6209,1
Sneha@629,1
Neha@419,1
1234563,0
^s7Fa2DNCRK#,2
wi^%J1&cZZHcSmmfxl,2
ankit201,0
1234569,0
cloud!740,1
1234561,0
Ankit9713,1
Python226,1
1234567,0
python83620,1
Arjun@529,1
Amit5394,1
qwerty123,0
1234567,0
rohit799,0
Science6817,1
tqzXG9!p&z!RDf5,2
Ankit1747,1
T7#ebvGLyrBYxu,2
1234566,0
prashant$30,1
Arjun@457,1
database,0
analytics,0
football,0
CrK*L#iCdbMn2jbO,2
security,0
LZFDQDNllaPcpJ@,2
Developer2557,1
Rohit4053,1
prashant928,0
machine,0
developer!790,1
secure806,0
Developer@489,1
science63,0
1234567,0
rahul222,0
x4LjM#P6xXgu,2
QHY^Zs5x%Mf51,2
developer2348,1
prashant881,0
81rTqB^3#8g0dH%,2
DwhQVEHaSd^s8z1,2
welcome123,0
computer!764,1
7@RSGu3jdE^Hsx9A,2
secure96504,1
python,0
rahul16819,1
developer,0
DeVwn2bAwxdx0bm,2
security!72,1
j57cBkZy5fRb,2
vikas204,0
developer!893,1
user123,0
eYPHhuSPnCCq7,2
dragon,0
analytics#800,1
pooja736,0
security#220,1
Pooja9617,1
*3Ma1@U0cvf*bnvfvx,2
science,0
eCwuSyFAwavFTift,2
sneha46095,1
machine!241,1
KAyFyuLFYu2qa&dS,2
&DpqIIluh4QYOrhps,2
1234564,0
developer9593,1
IlA5RmqxY5jDm9VDZq,2
developer$267,1
rahul912,0
data,0
Secure4441,1
letmein,0
computer14155,1
machine,0
pooja50068,1
science,0
oxaM*9@f3@WzAEv3Tm,2
Pooja@358,1
developer69126,1
P39rZwc$IY9qv,2
Machine@905,1
developer,0
arjun188,0
Prashant@431,1
data,0
1234560,0
technology!147,1
Cloud@857,1
Computer3042,1
1234561,0
neha782,0
welcome,0
iloveyou,0
Technology4613,1
Rahul@298,1
science,0
data56785,1
computer,0
vikas58052,1
python938,0
developer371,0
1234562,0
admin123,0
4cl@ywMxfvKC4NII,2
rohit225,0
XG5bvTL&VCWr1fJ7wz,2
IibaRD#RO9IwlYJ,2
vikas618,0
Ankit@698,1
sneha#237,1
HJB6gYWk*5S1G17q,2
Analytics@956,1
football,0
123456789,0
Qf6XcLEU02eReD,2
ankit937,0
learning217,0
vikas72826,1
Rahul7798,1
$5$#3QB#QfX8,2
1234562,0
#9ZdOPcMrrp6hH2j*Z,2
Cloud6680,1
1234563,0
$k&u!pt1PAD7l,2
Cloud@852,1
1234569,0
123456,0
welcome,0
pooja#849,1
neha265,0
JFgsj7&o18#aXWIC,2
welcome123,0
Sneha4148,1
cloud!127,1
india123,0
cloud531,0
1234566,0
welcome,0
secure67537,1
Sneha4525,1
Neha1850,1
1234560,0
analytics59,0
security823,0
admin123,0
ankit830,0
computer79206,1
1234564,0
technology$674,1
123456789,0
Database3652,1
4VJcFZI$*spT5@F%VJ,2
rahul@246,1
1234569,0
Machine@142,1
!wrgGx^Xxv0qbX1Yj6,2
0wySWtFBP9Z$7@5x,2
rahul40466,1
ankit917,0
yktqZbdaiLMg7Zsi,2
Sneha3726,1
developer832,0
secure!615,1
Arjun6297,1
Pooja@541,1
password,0
Zq*eVZ&qak8UFa,2
Pooja@112,1
Secure@327,1
Developer1984,1
python14,0
Rohit@183,1
admin,0
1234561,0
science,0
welcome,0
rohit4364,1
database858,0
Data9976,1
Tl9Ev&SkITXyGejT$a,2
database!338,1
Developer6439,1
Python8069,1
bNONp*JcF*twk,2
AWYufE$V*ZJc,2
ankit2631,1
RlWK3AAER1qzhy7MH,2
technology788,0
football,0
vikas95,0
123456,0
developer,0
python115,0
welcome,0
analytics!497,1
database39832,1
1234561,0
FI1!X0q0xFPWaU,2
computer,0
analytics7,0
gQgYEfYYE3bVfq^,2
iloveyou,0
vikas45,0
neha139,0
neha583,0
1234569,0
Python@367,1
Developer@614,1
Ankit@720,1
football,0
XSS^BKKQYZuvVtp@,2
gO0WbE0n1rN*2d5,2
data776,0
technology,0
learning5,0
123456,0
amit75983,1
machine#324,1
hWHUBmO7gO6pk^,2
Y3MZB2QXpEyP@H6Y,2
V7gxF98l*HFa,2
machine369,0
database724,0
amit580,0
PEuY6WxHv48Eu,2
neha668,0
1234566,0
secure,0
Arjun1166,1
Learning@346,1
1234569,0
zCpdaYKFBtx3,2
123456789,0
amit#757,1
security54,0
vikas321,0
Data625,1
learning890,0
Amit@474,1
3ubfFZy$TZH0,2
1234567,0
machine716,0
*JjG#2eOObKAs13LBq,2
vikas264,0
&jnQKRDGcajx53ur,2
arjun721,0
technology98848,1
qwerty123,0
Arjun8966,1
Vikas@214,1
Machine7670,1
amit#590,1
amit995,0
cloud588,0
cloud,0
prashant#348,1
PPT@TmwG83JaagX,2
R%1^qLhTj1WTGPn,2
1234568,0
Laszz^0&2c$DO8f,2
1234560,0
developer28808,1
welcome123,0
JiBIb3i8!!rIRtIoAU,2
Pooja4438,1
computer$779,1
amit76109,1
cRfr3avGIsfDlT,2
rQ%Jc7yNtfDm468K,2
6UUoNi$2I%uza#%,2
1234566,0
science56087,1
security740,0
Jv619L%Am4yaXZxBlV,2
prashant480,0
Database5578,1
secure@235,1
vikas515,0
Arjun@46,1
5hJ75PHj41@OOz^j*,2
f5A7$iTiP@hMV$Xv,2
ankit67260,1
tc9ZktEZnxod,2
data@960,1
football,0
technology!58,1
C9ssXDCJ$3M6f,2
1234568,0
amit#717,1
sneha242,0
cloud698,0
1234569,0
secure,0
AnjNiN9gntDPgzZ&,2
Science5323,1
user123,0
learning274,0
H08LdD22Mci3Br,2
9B@#ApT@U5us4D,2
football,0
prashant340,0
admin,0
G&F3Xd7AMLX8GX,2
learning,0
python435,0
welcome123,0
Neha9050,1
1234560,0
Ankit3342,1
rohit549,0
1234560,0
xoy1W56pW103jar,2
technology37422,1
ankit629,0
Rahul@922,1
cm85jPtMJZpJLdvBF,2
Data@881,1
machine!122,1
science,0
pooja47663,1
Arjun7197,1
pooja4450,1
Learning@749,1
arjun73001,1
DaM8EDiGUJWkV9Lz,2
database801,0
7OBirbLbPKF4@32m,2
g^V#ghm&9FkNA,2
PliGD39&0vnb,2
ankit!56,1
2MqQ6g0as2zFjV,2
security2603,1
developer,0
secure,0
password,0
learning!107,1
analytics98017,1
rahul33,0
qwerty,0
fjoAG&NACmyDwUx%Wo,2
machine,0
Secure@200,1
2awH$32yIwgTF36,2
sneha#191,1
python343,0
database!283,1
security!644,1
machine35943,1
Neha@305,1
rahul#223,1
security,0
machine,0
data85011,1
PIBK0Q#2Fd0mY,2
L8E*j1mTC#kmY,2
z7ldFc@A8qWh8vamJ,2
29crXJApqpKYzM4Y,2
database593,0
Database6653,1
secure78153,1
Neha4306,1
1234561,0
Prashant@708,1
python,0
oZFIekyCDIIB,2
Arjun@682,1
mKf*Hlhj3@BejG*lnZ,2
welcome,0
data543,0
Science6632,1
technology,0
ankit21438,1
machine688,0
A*WhkP9ml@oA,2
cloud139,0
qwerty,0
secure325,0
computer,0
Technology4836,1
1234561,0
Security@165,1
science340,0
3xXi0GSRvPw@NjarU,2
Rohit@487,1
Technology9914,1
science#453,1
Arjun@384,1
python467,0
secure!275,1
dragon,0
learning,0
football,0
Rahul8881,1
secure19444,1
prashant125,0
data,0
security,0
MeaIleI5oDVnoFSd,2
computer59064,1
database959,0
7^Edq*cjdMnK,2
analytics11118,1
mHK806Kqewk$CcXCS@,2
dD7osmC4GEZbOQPS@,2
Neha@724,1
1234566,0
developer623,0
computer340,0
admin,0
learning59216,1
Arjun@316,1
1234566,0
YLIM6@xPb&KxE,2
secure,0
rohit316,0
pooja#332,1
neha$586,1
ankit169,0
security,0
1234562,0
analytics@629,1
security@111,1
Security@859,1
technology,0
computer619,0
abc123,0
user123,0
123456789,0
FBVC!!khahcxR,2
Science@198,1
Data@387,1
technology,0
computer!995,1
Prashant@301,1
Machine@23,1
computer$520,1
vikas#191,1
Data2058,1
Rohit8979,1
1234567,0
cloud$657,1
welcome123,0
tjrW%K$V1C@kkK,2
cloud30,0
analytics99610,1
security614,0
pooja#115,1
@0RjRA^rfmmJd,2
database92793,1
prashant49339,1
Learning@995,1
learning$276,1
2uvJKVpcN0rOa0,2
1PX&Qosg1q51@,2
database23,0
BGIrjqoM3VaxszL@7a,2
database95770,1
Science8525,1
1234567,0
admin,0
IOiY!Z4bYz0Cr%2za,2
1234560,0
amit17580,1
qwerty123,0
*Z@kAWbQGK3rd,2
1JgoysHVlBVgaj,2
welcome123,0
B^$eKGihKhIE,2
developer,0
developer,0
Learning5781,1
abc123,0
Prashant9003,1
prashant415,0
vikas!384,1
amit$856,1
database97448,1
cloud,0
VyGT*iS2P4t*V,2
amit254,0
security@106,1
Learning@78,1
rahul64553,1
arjun350,0
Technology@583,1
security,0
rahul32267,1
data908,0
technology487,0
1234567,0
Computer27,1
rahul848,0
science,0
Vikas7334,1
8nWU3SZZ60LfW^Ey,2
developer3289,1
secure#210,1
xqljHFb6cUK9F,2
Python@514,1
database849,0
1234568,0
sneha932,0
database212,0
1234567,0
developer947,0
arjun@103,1
data,0
ankit@747,1
welcome,0
glMWcOldRJAs@oZ,2
computer866,0
zblhheg^Ei4%oaN&f,2
1234565,0
xgDgHC412lF1Yv&d$k,2
python,0
Vikas@877,1
prashant38,0
1234569,0
Secure@608,1
iloveyou,0
1234561,0
rohit17418,1
Ankit8627,1
sneha61278,1
iloveyou,0
y5YkYPvx&a7LEO&nr,2
Learning@486,1
@WLdyV&dOdjLp4nXQ9,2
yirTYSl&&4koN^2f,2
database,0
x%5!S7gDcszcpntRb,2
pooja856,0
cZStxuDy0ApcXvfb@z,2
ankit805,0
Vikas@382,1
technology,0
arjun$704,1
python72139,1
Sneha@972,1
data$927,1
amit88327,1
ankit#680,1
1234564,0
Analytics@891,1
a$LFu0BGMF3R&eT,2
1234560,0
login,0
Computer4603,1
Prashant@511,1
Sneha5668,1
iloveyou,0
password,0
computer!152,1
DC!QykmosETdJv,2
database#162,1
Security@718,1
Analytics@577,1
Data4262,1
Pmk9MSTOC6e1r,2
security15110,1
Developer6322,1
rohit@789,1
Science@444,1
$4Yubh2Dk3Ec,2
india123,0
learning94359,1
prashant89696,1
1234568,0
welcome,0
letmein,0
database,0
neha786,0
ioQLdKHyk%zMF3VC,2
password123,0
cloud!981,1
XRi5Bu$o2skg#,2
Analytics2559,1
prashant$806,1
developer699,0
machine,0
password123,0
abc123,0
1234565,0
Prashant6507,1
AI06SMi&sE2*#mfjFq,2
security7352,1
pooja62,0
amit549,0
learning749,0
0C1bE&l9FWb7,2
N!29xffcTqkGmg8b,2
Science7115,1
PnxB6a^VkokHMUHU18,2
1234561,0
monkey,0
1s2ETZnrZW4*CdVU,2
Computer@210,1
learning950,0
computer181,0
python74,0
learning,0
oY&1A1H9dGXOW,2
X$9cBWDadJ*C!DZD,2
1234562,0
sneha958,0
data35632,1
k*5vq$uJ9p%y,2
123456,0
learning#862,1
neha82825,1
python,0
Database8476,1
data28690,1
python,0
prashant$115,1
0B!#jlB^gY^vgo,2
sneha79,0
amit822,0
dragon,0
1234562,0
machine68618,1
vikas!166,1
Computer@167,1
Science7185,1
rohit24527,1
1234563,0
THmAGODmOXBgFb,2
Pooja6562,1
NU&7rJewn69yQl1,2
amit@230,1
database140,0
rahul724,0
science95613,1
admin,0
Machine4408,1
technology,0
rahul!130,1
cloud,0
welcome,0
secure,0
india123,0
1234562,0
ewE9WW32wvSDD,2
lGli*ycDNqJtLaW,2
arjun@286,1
ankit691,0
Computer@114,1
pooja795,0
Analytics@402,1
Cloud7378,1
Su%VI9bF22KPAPm8ZQ,2
admin123,0
data564,0
machine661,0
35&H6c0n6c3gkH4,2
technology,0
science#438,1
Cloud5559,1
sneha679,0
Vikas@635,1
learning344,0
D!RNfrHw3j8&vQ5pMe,2
science552,0
security!654,1
1234566,0
abc123,0
developer,0
technology,0
dragon,0
cloud969,0
secure,0
Amit9803,1
tzCV41l9g5Cp,2
machine$917,1
science,0
developer,0
Database@303,1
QrTy56GdE8X718KdH,2
1234564,0
database!334,1
qwerty123,0
Je0VYT#tELHRF^Q2UF,2
Security3291,1
password123,0
admin,0
machine,0
security515,0
technology#491,1
data$533,1
1234566,0
database137,0
pooja50142,1
machine722,0
machine42359,1
2wtiGhTiBl&XWeN!,2
prashant!269,1
vH6MMqayPHKncv,2
security85,0
Machine8151,1
learning,0
zI1O&kSA^&Uvp!,2
PRh%MjvWQU%oW6Sw,2
1234564,0
fhz&iHXyHqwN,2
12345678,0
nwi$Ot8yLllLZlzFk,2
Sneha5848,1
Analytics648,1
Prashant8739,1
0UMOO603ENPMpxms0,2
IRth1Nknc1nWWlch^q,2
rohit820,0
amit!658,1
sneha$865,1
password,0
data678,0
arjun643,0
1234564,0
pooja97340,1
psSlLQxfQ$cs%Zc,2
python73406,1
cloud#917,1
Prashant6549,1
data#456,1
Computer@932,1
secure$553,1
database92390,1
arjun55616,1
lmyWbJ9J5kbB,2
AQpG%PFvLNjp,2
Prashant@58,1
Secure9198,1
rohit84834,1
1234568,0
Sneha@798,1
vikas78725,1
1234561,0
1234568,0
rahul$506,1
Amit@981,1
9IJP8QskDTzk9,2
database@955,1
Ankit@99,1
u24Ppp@2GQCI0TO,2
1234567,0
EbgAS#xhoYyekP8,2
ankit149,0
Arjun9843,1
%G3gk#eJbAzMajQC4,2
computer,0
developer55634,1
Yf3!IZr@rgQAY,2
Pooja@119,1
Prashant2525,1
learning!699,1
learning72961,1
security#417,1
KYa5c9Rkm#i69V,2
Data2519,1
Pooja@220,1
w%F%R8I443SWOe9c,2
learning96064,1
Analytics@492,1
Neha@753,1
g!ZEMoSAU77pggopQG,2
Prashant3757,1
Vikas@146,1
Amit@270,1
Sneha@107,1
prashant82208,1
1234560,0
Rohit9804,1
Technology735,1
database754,0
secure411,0
machine,0
1234560,0
dragon,0
Cloud3138,1
monkey,0
Python6288,1
Ankit@621,1
Arjun@935,1
E24ZFTz2!EVT^0f!h6,2
arjun552,0
science,0
1234564,0
1234567,0
Prashant1034,1
security,0
tXd$wRx1E8His#%X2n,2
123456789,0
sneha@834,1
vikas501,0
Pooja@786,1
Technology@229,1
Machine@543,1
analytics,0
1234561,0
secure,0
Data4272,1
admin123,0
12345678,0
computer943,0
Python9398,1
7WsVa919i1xm@,2
password123,0
science52109,1
1234564,0
Prashant4900,1
Vikas@708,1
!bDMqRo5gpiV,2
myY*sY7b7JwpQFiF,2
secure23527,1
cloud564,0
Developer@154,1
#Myka0U5EPk9N,2
Developer6193,1
1234562,0
security526,0
bCR6m@@k!dyeS0#5,2
user123,0
Data@563,1
secure119,0
prashant!19,1
analytics43545,1
1234564,0
Prashant@521,1
1234560,0
Vikas7199,1
SXcRLu9g6UM9,2
science$986,1
Machine@306,1
secure75091,1
Arjun9457,1
1234566,0
rahul@954,1
qwerty123,0
4464V7fA0sWC@7x4ik,2
data568,0
developer,0
amit198,0
india123,0
vikas50525,1
data196,0
PrNlr#RF9geWHG^,2
K&9RFno%bGvUSN,2
rahul332,0
learning$573,1
dxfDqvpFj9elPZ1,2
1234567,0
9u%@zjGuNU0wo8YNMo,2
Cloud3851,1
cloud!193,1
learning20669,1
123456,0
Developer8690,1
admin123,0
Security@706,1
1234567,0
Machine@216,1
sEBY&b2glHQ5tDr,2
Rohit1246,1
6amUfn3@9qdqSjqfp,2
TqEDt5aIz9R#u,2
R&VPpj2B4kKv,2
analytics,0
arjun831,0
Secure5676,1
vikas976,0
vikas63916,1
computer$541,1
analytics,0
football,0
cloud,0
Neha6870,1
bi1T9D91qKvZWr,2
1234566,0
password123,0
python967,0
secure504,0
bbi%IqCBQ^I5Nuu&FP,2
199kTFcvv3uM7EZ,2
Cloud709,1
h3M60iNMs5#!,2
neha267,0
machine148,0
database75829,1
cJOBxSw$8CQ6zF$,2
amit21,0
rohit236,0
rohit#205,1
cloud332,0
security99,0
developer,0
learning,0
Machine@617,1
technology833,0
lFScSCNGi8oQ,2
learning!925,1
analytics@294,1
1234561,0
Vikas7097,1
Rahul1208,1
pooja#693,1
6jNyB2d#fenfkK1,2
1234568,0
m&AeJYoXF%o0$8&T,2
football,0
QZ&uW9w^eb9t!ua,2
L5ty6AT1Kc7%,2
technology410,0
VnGSKA07kHX9He3W^$,2
prashant#791,1
1234565,0
Technology3405,1
Computer@26,1
S2QBE899EczmW@9nu1,2
letmein,0
admin123,0
1234560,0
A@Z6E%$9rNWmYBbz,2
Analytics8630,1
LCOuNCc!Jn40,2
developer@534,1
prashant535,0
Secure7421,1
123456789,0
Technology@883,1
letmein,0
v#bRi0Z3f*oxBq!^LJ,2
sneha77507,1
Data@495,1
KMMtbsuHtG&*YyjF7E,2
Data4928,1
1234566,0
science686,0
1234561,0
pnqOWsM!0BLifCHkJl,2
python,0
welcome123,0
Neha@329,1
cloud!836,1
science87583,1
technology827,0
Learning@979,1
pooja8163,1
1234569,0
cloud31103,1
Pooja@200,1
science,0
arjun47,0
developer,0
science$48,1
cloud#983,1
Pooja@397,1
7bFZndg67aj4,2
analytics42051,1
python954,0
user123,0
secure,0
5JDDD%M0RVuDn9d,2
1234564,0
xXZSBXo96En6BM2t,2
amit95064,1
S^WQFt9X6lHkEJzp9X,2
Python7062,1
Analytics5243,1
Secure@412,1
Technology4962,1
arjun48267,1
EGq8m*YYtUPqhQdwX,2
password,0
python867,0
1234569,0
1234568,0
1234566,0
Z9qzBjhHH^p@,2
sneha#334,1
rohit130,0
technology,0
dragon,0
1234566,0
iloveyou,0
prashant36902,1
iDwRr&tZ6nwWE7HPv,2
machine,0
arjun@830,1
#oojNCCf2Gd%dP@,2
Data5481,1
Vikas2744,1
data17,0
data908,0
1234561,0
1234569,0
Prashant@476,1
neha@270,1
arjun10632,1
Prashant@737,1
Sneha@116,1
uAAdb*fUYFe$sv,2
sneha19260,1
password123,0
1234564,0
Secure3022,1
cLr*8Gi3u!3AYPi,2
india123,0
Data@127,1
123456789,0
iloveyou,0
amit3,0
Computer7495,1
neha!902,1
analytics$636,1
NbFAaGVJGicXm3Y,2
Neha@41,1
mQm!0Ms0v%aq,2
Science1959,1
01mypQuQVuFurgP#y6,2
Sneha4993,1
rohit23853,1
fnloQuPO#3x75*,2
wZfCk4J&cEcGT&#a,2
p*3iNqwCVQLUxfP,2
Neha6674,1
technology,0
Prashant6754,1
1234568,0
Python1796,1
qwerty123,0
amit279,0
%Da@JXnoF9q7nQYgC,2
sneha767,0
$Y$n*HE7YFgba8,2
machine,0
Prashant4149,1
technology$148,1
Machine@797,1
YdHFR$A%Qg72,2
amit@954,1
Rahul@397,1
welcome,0
Prashant6365,1
arjun548,0
cloud242,0
RqQfxClrYOzu6EOQ,2
vikas462,0
analytics77,0
eFTOVS5ftef0o8,2
Data@326,1
8YounFls9b1Pd4,2
science23132,1
pooja304,0
1234565,0
Python2075,1
rohit71639,1
123456789,0
arjun5635,1
neha@980,1
xxth4VRcZn6e,2
Sneha@949,1
science,0
pooja60912,1
rohit746,0
1234566,0
12345678,0
1234562,0
secure,0
pooja43487,1
hZytu%dkv1gLH,2
Vikas@525,1
rahul!672,1
Prashant@652,1
developer477,0
Ankit@24,1
Learning7850,1
1234562,0
secure69478,1
Arjun1176,1
cloud$86,1
welcome123,0
secure,0
sneha597,0
Secure@379,1
1234569,0
Ankit333,1
Cloud8438,1
Security655,1
Machine@241,1
Pooja@726,1
Data889,1
dragon,0
1234564,0
Security3772,1
1234569,0
developer89400,1
P5NGvStXHvhKkZK,2
letmein,0
machine786,0
Technology9405,1
Cloud8696,1
Machine@57,1
Y%$kJIe$hBR#ZvKfT,2
developer44345,1
Database3999,1
12345678,0
02$PCvjFT0p#Ag,2
Vikas3263,1
pooja272,0
1234569,0
Ankit@634,1
Arjun@756,1
cloud@967,1
dragon,0
Rahul1296,1
database@443,1
pooja$613,1
learning#914,1
data37390,1
B1aQ3x6QiAGWF%dot,2
Amit@500,1
science48204,1
learning,0
ODnWeqq5MEFg,2
monkey,0
uKM6T1yinqjA*b!,2
x!*gY1jOMS$Q$ZWDT3,2
vikas11473,1
Secure1255,1
pooja52132,1
5eQtfFkCv*6lvA,2
computer,0
computer,0
rohit542,0
analytics,0
data54306,1
sneha99879,1
rahul@889,1
Sneha@270,1
8Bhq7CqvS5cNuG,2
1234566,0
C56eLnn19&iU1KZ6D,2
RWbMJ$H3@DAxwju,2
ankit$950,1
data,0
neha89799,1
Developer@432,1
1234563,0
pE#@lWs*CFT2,2
gPje*coUBA6JzPZ6,2
123456789,0
Technology@451,1
Rohit5590,1
Learning3942,1
Science4931,1
SuOqUsh6^#ujY,2
Science@654,1
Rohit4849,1
learning,0
Computer431,1
database,0
Cloud@215,1
1234561,0
1234569,0
password,0
1234561,0
oAMDH#U8izB3,2
pooja560,0
secure16269,1
A#kCflLNeu^g,2
^iW0MUuyone$tiBy,2
technology@106,1
learning,0
1234568,0
developer,0
welcome123,0
admin123,0
amit!856,1
database47937,1
cloud856,0
jlhO4dyWAh2Z7cbSJ,2
pooja53063,1
1234565,0
1234560,0
Computer4100,1
learning65345,1
vF7Qa@xs^P*sVRJTO,2
qwerty123,0
technology770,0
ankit$210,1
ysE&ceHE0G4U%N01J%,2
Rohit4364,1
pooja234,0
9ZepHT$Ma$noIGk,2
prashant72309,1
Data1200,1
Technology518,1
vZcQRRIWSHwY#FW#,2
Analytics8199,1
1234565,0
Arjun6731,1
learning141,0
arjun386,0
technology,0
1234560,0
machine588,0
Python@81,1
developer,0
database431,0
QpNxTGKX2QLrk8,2
Rahul2146,1
database886,0
machine,0
DOp0BDu2J$!lf,2
sneha14,0
R5ZjEfIMKlKwFO,2
secure27475,1
8TZ!pAgr1PWJ68mkR%,2
i^7e%Jja!po1p,2
welcome,0
#Eh6UMwM!B%*RxE@9L,2
@6ah8psRFwQmulduv,2
rohit$691,1
cloud71928,1
U6i0NZ^rnaby8,2
1234567,0
1234566,0
1234560,0
I#It3!M*40w0S,2
secure,0
Secure@414,1
developer,0
Rohit@13,1
secure$193,1
hBqXGSvV4CEbe,2
Developer652,1
amit@288,1
rohit17013,1
Sneha@35,1
science140,0
developer967,0
technology853,0
neha769,0
rahul8,0
rahul210,0
1234568,0
ankit376,0
sneha!285,1
monkey,0
rahul!925,1
Database@319,1
Arjun@484,1
amit731,0
%^UAHq^BeC67%BB,2
data,0
1SUkdqQbY33^ZeZ6CM,2
rahul#858,1
123456789,0
data878,0
prashant334,0
Machine@702,1
KazSPK1U3Vzj8h,2
Begtlcs7AWWCvSX,2
computer@301,1
neha$693,1
1234564,0
Yc4At0NM5z8$TUJ,2
dragon,0
@m1LUnbKS!FI1,2
neha34415,1
sneha787,0
dQX3Sly4*M54l^*#,2
security45,0
B#fYuPhtEf$XJY,2
vHCMDTG^ZQwoxnTXe,2
sneha66,0
Machine6884,1
neha$275,1
Prashant7060,1
data24254,1
ZOS0#iffMpO%CBBVq*,2
Vikas@112,1
cloud#814,1
cloud,0
Science8889,1
sneha!204,1
python45045,1
&4k#3@j9a&bNsAu,2
Uc!m2ktCArjyJTurf,2
HfgB9j8@U%SXt5G*aX,2
science@936,1
password123,0
Learning8044,1
gi*kpqDCzhxPT$@,2
rh2tCoKR3#ncXnZgK,2
Cloud5642,1
iloveyou,0
bGG0f*j@nGeEI2PHJT,2
1234565,0
secure349,0
C*Sf!HsJkNscLT64,2
security#475,1
Pooja1412,1
abc123,0
machine!147,1
python124,0
1234564,0
IZ09fpYVWu@!L,2
prashant919,0
secure,0
1234565,0
Xi5xnUhRtbUDQz,2
qwerty123,0
pooja38769,1
python,0
Analytics1795,1
!$CHz79*tMftmo2^sD,2
qwerty123,0
bfXtNu0S7%3B,2
Database@472,1
1234568,0
learning,0
1234567,0
xdQfFGRUD^x$8uaH4Y,2
rahul50658,1
@MP#5kqh8OAjBXUy,2
python673,0
Vikas1356,1
1234562,0
NT7NIABi9mpUDDF,2
neha$872,1
rahul769,0
Machine@518,1
0i^^#l8$ZgqoUt@GB,2
Rahul@140,1
fABpuvxDPHf4bL5ApN,2
Y7N68@Ga6cCZX,2
database2641,1
rohit124,0
amit880,0
ankit58719,1
zbMU3veZZYeI*,2
Analytics@217,1
welcome123,0
ankit881,0
security4812,1
ankit63107,1
Developer@95,1
UVHvjF@znA0yYR,2
w!Z72%@8!UAU2jA,2
Data@619,1
rahul983,0
rohit!705,1
Science5962,1
secure,0
security55093,1
python3,0
analytics,0
lR9C^dW6W7DX5xeY,2
science,0
1234569,0
Security@645,1
arjun@796,1
Cloud1952,1
arjun@757,1
1234568,0
ie^R8zS#W9LBy0J,2
rohit@163,1
Rohit@618,1
Amit@769,1
H4kSTEJ4GOeqGdUE4,2
security#705,1
analytics!252,1
Developer9086,1
analytics#957,1
xpF0WM^fJd8C6,2
ankit90,0
cloud822,0
amit70856,1
technology$282,1
python@935,1
vikas486,0
user123,0
1234561,0
science#616,1
Neha7699,1
Data@230,1
Vikas@614,1
letmein,0
amit$71,1
machine187,0
data,0
Pooja9647,1
1234565,0
technology,0
1234567,0
ankit452,0
security474,0
Arjun@704,1
Pooja2128,1
developer,0
1234569,0
developer6458,1
cloud473,0
welcome123,0
security@631,1
computer3795,1
technology@40,1
pTJhx7AudpsTBlPac,2
Secure3294,1
Amit2079,1
hSM^K5B%T4!5A,2
^tIQPE^nVk&u!sy$r3,2
Secure@898,1
1234568,0
welcome123,0
QMH#6XnRbL$KoPd,2
rGK0LfEQd40USTAV,2
amit11197,1
secure458,0
Developer@904,1
1234564,0
dragon,0
learning#592,1
Developer@446,1
arjun16389,1
Cloud2774,1
machine21298,1
Technology@834,1
Science3318,1
security,0
database48648,1
science209,0
Rahul8349,1
Neha1511,1
Computer@100,1
ankit21797,1
arjun393,0
machine,0
rahul378,0
lnVAwfuZKgey,2
vikas444,0
admin,0
B^MK5%m053ZFIrb*,2
data302,0
Machine@162,1
science785,0
30E4P%l84MIvNX^5lN,2
Technology3569,1
Learning@328,1
1234560,0
WIXX1%ip&xrsFrIX!r,2
science,0
1234564,0
Rohit@62,1
neha#701,1
Sneha6102,1
data939,0
developer79860,1
computer,0
admin123,0
4G6mVrgFPkl^ScR,2
Database@239,1
prashant641,0
820Ax!gJqAAmaZf#,2
!feUtqk^IS6L,2
0UcQq8cxS2moLBO#yf,2
cloud63801,1
iloveyou,0
ankit60739,1
Science@254,1
vikas130,0
rahul47057,1
abc123,0
secure60465,1
prashant@424,1
security,0
ankit!336,1
developer94,0
xEUyDDcVI^KOk,2
Learning@927,1
developer,0
database,0
user123,0
Vikas@526,1
vikas227,0
science,0
Computer@901,1
abc123,0
cloud58781,1
vikas73325,1
8l5*VW^n6W4VeTm@E,2
dihSUkWyFj!BW,2
Sneha@541,1
database,0
analytics22,0
Cloud9456,1
Ankit5258,1
u0dqXip3$cpdC3aiJ,2
i7ggzr@Zv^dS,2
7!@gkJ7rX#qmnQ2,2
N3d!5zOUXovteTp,2
database,0
wTfg@Tn27I^18yU*pq,2
analytics967,0
Pooja@894,1
machine593,0
1234561,0
password123,0
1234566,0
AVEeBjF9BfPY^,2
sneha383,0
vikas#804,1
rohit17238,1
neha#135,1
user123,0
Sneha7548,1
database,0
database677,0
6MAjqMBMOASF,2
jiQ@Tes6ugI$eyWV5,2
Rahul3064,1
Ankit6196,1
Neha4470,1
analytics799,0
Pooja3171,1
1234566,0
oBtFV5PA^N#jmlP@e,2
cloud659,0
Arjun@201,1
Machine6829,1
ankit813,0
ankit5,0
Analytics@402,1
Rohit822,1
python,0
amit346,0
python500,0
abc123,0
QIpyBz3YUbr%RiQ3O,2
4mV8vhQwMwvk,2
onKuI#oLoKakB$UYyp,2
Security6763,1
1234560,0
MN3#$%YZUM*j*s7xp,2
abc123,0
Machine@664,1
123456789,0
science105,0
vELx*GbqsGYwY9kFub,2
1234563,0
Prashant@495,1
1234569,0
Sneha6999,1
@!rjf5RwLgcEBeVjc,2
@sK7rSJx3SLi3&Aw!,2
vikas77143,1
1234568,0
1234567,0
amit63666,1
1234568,0
Ejk2xkyOFN7hSa,2
Sneha@500,1
ZzS6W#11qjE*bP,2
jGJTJvuVQRmzye,2
pooja!605,1
letmein,0
@NRnD2DZTbQdGi!,2
secure138,0
7fzwB*or%k4i^DTN4O,2
1234565,0
analytics29502,1
12345678,0
learning35002,1
$cF1MVlefqi#,2
cloud558,0
python435,0
yxiK9bAqcJyN@GB,2
welcome,0
computer,0
1234567,0
secure95470,1
india123,0
technology$742,1
Rahul7810,1
1234563,0
&C6ufJ#8CeJU,2
1234566,0
developer569,0
ZNfFnS!O$Qyn*PEYr,2
1234563,0
security258,0
football,0
Sneha@211,1
neha368,0
developer$476,1
^&vrnee6rbJcN@ipwL,2
Science7277,1
science$428,1
pooja264,0
machine#586,1
Data1893,1
analytics,0
secure861,0
9GhBhHD$m74#sHZu,2
prashant38029,1
arjun437,0
admin123,0
neha609,0
analytics@372,1
machine91285,1
Data@136,1
science15882,1
1234566,0
data,0
sneha670,0
rO2pp0nONIs0k&,2
learning28479,1
Amit2094,1
pooja87102,1
1234565,0
qwerty123,0
Cloud8133,1
5BUHLqTxJ8@!9GKJX,2
Neha4028,1
rahul396,0
Machine@138,1
science,0
Sneha6233,1
rahul480,0
fl3hCsG7d4sYrUn,2
Machine3307,1
learning,0
arjun957,0
Ankit9401,1
Neha@434,1
TT6#ow5yn@Ks4n^Dq,2
machine989,0
dragon,0
Python@955,1
123456,0
1234562,0
e9LRTv^r41!9I,2
vikas216,0
computer@632,1
kSpfbrWa!4viG,2
machine,0
dragon,0
security@77,1
vikas371,0
Prashant@143,1
cloud,0
d^t0*cah8twd9kup%,2
JSxFP0eqEAjP%7So6U,2
Pooja494,1
Cloud@971,1
1234567,0
@S%!PR*RaRmMQfL,2
4wFY0LYq5w#2Rn*pKr,2
welcome,0
technology14899,1
pooja#119,1
Prashant@462,1
5IjlgY36t2Ll#5,2
5&OB68gjuJBo3,2
database#262,1
I4aLf9zXSi$5,2
Technology9511,1
qwerty,0
pooja913,0
1234568,0
Neha@249,1
welcome123,0
rohit28899,1
ankit75,0
computer,0
44d@f2fd@IWmJEF4e,2
database,0
arjun449,0
63xkT9!MaPGV#32p^,2
arjun742,0
Amit5933,1
#8w1AHwkurAC^upO,2
db7pBraLI$HS169jUI,2
1234566,0
DkmZNV4Z!5ZV83XZG9,2
Python@138,1
user123,0
database38685,1
#!s7UMJsva3jUf1v,2
&7D^3JehW9rN13zeFu,2
1234563,0
1234561,0
Arjun@372,1
Amit@390,1
Secure@116,1
vikas469,0
data@675,1
computer936,0
machine364,0
data@344,1
vikas630,0
rahul41176,1
Y&Kr3^Uo!6y39,2
glaq@jhOqby*6umqp,2
Sneha@52,1
security95781,1
prashant401,0
Te%tKyqXqPE&l,2
Cloud@668,1
^KiJuhsK^MySg!JVbB,2
1234569,0
cloud35733,1
vikas13,0
technology891,0
dragon,0
Secure@497,1
ankit!194,1
rahul45510,1
qIw7griShmAGCFg3u,2
pooja81351,1
prashant25765,1
fC5oos4SFUO7lKxkl1,2
1234565,0
secure,0
1234562,0
Neha1532,1
rohit170,0
Security@58,1
Science@947,1
cloud922,0
computer661,0
machine$133,1
analytics,0
rahul#849,1
Sneha@301,1
computer16871,1
data$415,1
vikas$345,1
amit723,0
user123,0
data,0
rohit84086,1
pooja424,0
Machine3516,1
dragon,0
zUtNytvVelNYrHd63Q,2
developer,0
technology!61,1
NMZ3YWNC3aNA%,2
Amit2611,1
QxQ2v9xWWsAsP5,2
1234566,0
v8hI7wyEGG31YnfTm,2
pooja!397,1
1234568,0
Pooja2785,1
computer637,0
ankit280,0
1234566,0
sneha431,0
rohit33466,1
prashant395,0
rohit247,0
qwerty123,0
cloud!181,1
machine938,0
prashant188,0
monkey,0
learning770,0
Learning@971,1
GB$9oVjOK@M3o,2
monkey,0
dragon,0
1234560,0
vikas657,0
rahul26,0
Vikas@249,1
pooja165,0
computer,0
football,0
python823,0
rawOmQy#YGv34Dc,2
machine,0
password,0
JjhRd5POa^H#OuL0,2
Prashant@810,1
prashant7489,1
learning,0
PPak@u4v64Frx,2
pEqbUnluiyGd,2
Computer6290,1
Cloud2938,1
technology80,0
1234567,0
Amit9121,1
database,0
Ankit1324,1
database417,0
Prashant@608,1
dm9etm52NQj97fq,2
secure,0
amit58727,1
1234562,0
amit@379,1
science221,0
science590,0
Computer@325,1
secure@336,1
secure$687,1
security63039,1
welcome,0
Rahul@286,1
neha408,0
computer23456,1
secure,0
welcome,0
Learning@281,1
Sneha@793,1
welcome,0
1234567,0
machine611,0
1234569,0
VpUEah7OpHVj^CJ,2
Neha@929,1
Ankit2820,1
rGZME9&XvNAg,2
computer755,0
learning424,0
pooja!541,1
eXRb2jI4kSbnnvOar,2
pooja46,0
security82393,1
developer,0
LsVe7YW5#HuehiKk,2
developer!667,1
dragon,0
Neha@541,1
learning@926,1
vDdRO@98&AX43c8N,2
password123,0
Cloud@593,1
cloud$643,1
Vikas@439,1
technology64723,1
prashant513,0
machine14603,1
database39455,1
Technology@354,1
machine339,0
Arjun@479,1
TtQjvvQL16gk!Pvu9w,2
2PuAY@GgshC%RI,2
developer,0
kqKs1O8OC*Riz9WFQ,2
ankit428,0
rahul524,0
1234567,0
computer@676,1
Pooja3099,1
9kXgFzDh#VLK,2
football,0
1234567,0
uieE1!0@676E,2
Learning@328,1
Pooja@266,1
Computer5879,1
vikas210,0
vikas750,0
database,0
Cloud7620,1
Secure6933,1
sneha#323,1
security56058,1
Arjun2235,1
ankit55,0
security21667,1
Prashant@393,1
kMTkXQiJOYLM3GPsEa,2
1234562,0
Rohit8830,1
football,0
pooja463,0
Rohit2357,1
database318,0
vikas@286,1
admin,0
Neha@773,1
rohit24263,1
zqZ!#RlTg2Y%$iST7,2
learning427,0
ankit40520,1
Developer@24,1
science16278,1
1yxqHVj$tVYZiq,2
1234564,0
neha$594,1
cloud356,0
1234565,0
ankit137,0
machine!123,1
computer!594,1
rahul857,0
cloud@22,1
learning755,0
Database@758,1
ankit901,0
computer29573,1
machine28134,1
rahul16195,1
2Q#0riQzinmu,2
k7!dAY2XYDYM9w#jFu,2
learning68557,1
database,0
admin,0
security,0
prashant77290,1
letmein,0
1234568,0
neha164,0
vajPpJ74@0IlFZk0,2
prashant46400,1
Science9307,1
ankit576,0
learning$894,1
admin,0
machine355,0
sAUyXboKlt6d1,2
Science9216,1
&f4rardCBmiub2Y,2
rahul!214,1
computer371,0
database3,0
rohit$510,1
welcome123,0
developer#287,1
&@EgT%#2&phuQBmrw,2
Rahul2103,1
cloud,0
Science5178,1
learning57,0
arjun961,0
rohit32983,1
eJnAn^OW@i^CsnzbS,2
Secure8882,1
1234565,0
cloud39509,1
neha82454,1
analytics696,0
Rahul@406,1
science578,0
&7KLyc^m$z0Eu,2
A5bxXWF$va8pSNkPp,2
analytics,0
prashant60286,1
reDht^4O4IeT#xEb,2
iloveyou,0
vI8wWPR7iyZK19HUmN,2
analytics@373,1
machine#152,1
go%UnnoO38FD*SjO,2
Rahul@440,1
arjun10,0
amit266,0
Learning@62,1
technology91197,1
data286,0
prashant325,0
computer72292,1
arjun$122,1
database257,0
science,0
Ankit7282,1
yptwJlwCr$aYxSEGm#,2
developer49241,1
Ankit8690,1
1234562,0
iloveyou,0
prashant$378,1
iloveyou,0
computer177,0
XLAM4Xg^&wAcvU,2
w%LY7BYAjYzFcLX,2
1234562,0
1234560,0
Arjun8195,1
Analytics4173,1
rahul731,0
Rahul@157,1
data#474,1
qwerty,0
^2keW1fhxXaL1c,2
1234568,0
secure75,0
sneha#337,1
security,0
qwerty123,0
data!713,1
cloud,0
pooja456,0
1234567,0
database97409,1
Neha2922,1
Sneha2975,1
technology@437,1
rahul872,0
admin123,0
database,0
tED#KLgD9YTGAIt,2
T^cyCd%0GmK0Fqf$Oc,2
Python4472,1
neha42281,1
Rohit@70,1
Developer7719,1
prashant497,0
database#947,1
Arjun@223,1
ZWa4rCYWhL8Hnsa,2
*ay3%A#tTq&K,2
technology374,0
database337,0
Secure7064,1
analytics536,0
Secure@576,1
pooja908,0
bATEUrYf%&Syx,2
7ELdlkG!M6QI!z57eJ,2
f16&iNUXR95DXmez,2
Cloud5631,1
technology,0
pooja29125,1
analytics822,0
mXO#7xD0FNipeH&Q,2
ankit59884,1
learning91995,1
pv!&$UvHiZd^LmSQVy,2
vikas#229,1
computer#589,1
Cloud8088,1
machine#47,1
rahul!62,1
python@608,1
uw#QNt6AIH!tVo9y0,2
sneha#530,1
F9ihPysTh3@6pPyZa,2
dragon,0
letmein,0
pooja699,0
cloud$599,1
database,0
database,0
analytics931,0
Secure@45,1
Analytics1187,1
Amit@289,1
python51325,1
cloud,0
Python@942,1
data159,0
Prashant7144,1
analytics!718,1
CQCv#3j7bUiE%e,2
prashant@397,1
XLTQVr0oOpd4bSU@bU,2
developer,0
data26028,1
Ankit@164,1
Cloud@673,1
technology975,0
Data@496,1
technology,0
ci@2uozI1lYJWjOt3,2
analytics#934,1
prashant3,0
4j&IfGF5MprZ$o!Fb,2
1234569,0
arjun43,0
welcome,0
Technology3636,1
1234566,0
Rahul@993,1
Prashant@157,1
yYug6I$HPjwXataF,2
security428,0
pooja363,0
1234563,0
YLmYITf^XsPyqqCc8,2
arjun940,0
Science@897,1
Developer5262,1
Amit3288,1
VIJs8$^T*$pwb,2
Pooja@400,1
s63urE1&Ekw8RDG,2
database,0
Ankit546,1
1234562,0
Database@776,1
Prashant3667,1
vikas82433,1
computer859,0
g22!G89rgmkhLaD$G,2
1234561,0
rohit82379,1
1234563,0
technology505,0
monkey,0
security,0
3eDWy^DY&!*#Mw,2
1234569,0
letmein,0
Neha@613,1
secure418,0
neha$670,1
i%%3B1kCPLPrioQ4w,2
secure472,0
neha@527,1
machine$705,1
9trcfpcdmGw#,2
Arjun@69,1
1234564,0
1234560,0
ankit647,0
security#907,1
Database2115,1
Science@610,1
secure,0
analytics697,0
Computer@815,1
9PgAibM4lGa89jx$d0,2
secure404,0
@I8tl6pvLDVX2#FgBt,2
Computer@390,1
ankit96374,1
Cloud7785,1
security#841,1
developer!197,1
technology623,0
data,0
Analytics@607,1
technology$215,1
12345678,0
Amit@998,1
lAUz8F1Uu9uO,2
*Y468hQUM%e8lxXmP,2
Vikas9006,1
amit223,0
analytics835,0
computer,0
letmein,0
wViT0k83URutCV,2
Secure8968,1
computer88411,1
ETs*4^@nVyS0M,2
security#880,1
rahul#44,1
1234561,0
arjun!967,1
Technology@778,1
bO^bna1!!HG@,2
data28806,1
sneha51942,1
sneha454,0
vikas916,0
jSaxB!LA@FKO,2
welcome123,0
rohit!649,1
ujIT!5E0Wc&Ool4,2
rohit#219,1
S^5M#SU5oFo&GHHX,2
security186,0
rohit64356,1
secure,0
Data@784,1
Neha8822,1
password123,0
Analytics6232,1
neha75927,1
rahul87207,1
cloud,0
1234565,0
learning!594,1
football,0
!P8#s8y72Fg86C$,2
machine512,0
PQbhLJUf4rZudkc4Dx,2
analytics,0
Analytics267,1
Rahul@79,1
arjun861,0
Sneha5182,1
#Ma@QOzaUzYR9s3%B,2
e6dSkyf015xiq&,2
pooja561,0
Amit@470,1
NkC8n9Ea2ye^V,2
e0H#A2%p24uz&,2
rahul!966,1
rohit46861,1
machine1393,1
Cloud4821,1
neha826,0
rohit#813,1
password123,0
Data@818,1
oZWb%p2olRUW3,2
admin,0
1234568,0
machine638,0
Pooja@257,1
CYBBZL!rvMUP,2
m!e^CESiLxHI0ZFef,2
machine,0
*1@vOnMbWo4g#5Aj@b,2
oY0&nCcD*LWnxmUg,2
secure,0
analytics#234,1
sneha413,0
analytics,0
developer!656,1
python777,0
secure,0
Prashant@350,1
Science@450,1
s1KVGloC7fG#!2rcy,2
y4FYPvNw81a!KpN3HI,2
python,0
neha350,0
Secure1456,1
database2165,1
Secure7894,1
^wb4u8jtYyANex,2
!^nFt08u5FFt0,2
computer450,0
#$pLX&56LtLIyj,2
analytics161,0
aQDZ24#AxeyjYp,2
machine,0
qwerty123,0
arjun!417,1
Ankit195,1
developer,0
1234563,0
Ankit1554,1
neha$803,1
data,0
pooja39,0
Rohit@629,1
computer,0
iloveyou,0
rohit66066,1
ie9Tx2^Y1Vg&B1lY,2
uoLf4C8zg^6kJzcybt,2
neha866,0
Python@657,1
machine43777,1
rohit473,0
data,0
Python@616,1
database!528,1
database!68,1
I2BZ0%E9SUUcJ,2
Ankit4007,1
prashant81880,1
learning,0
#aKyAEoV11HcogkNZ,2
123456,0
security@89,1
Secure6339,1
Science4807,1
1234569,0
Learning7630,1
UdjbaQ04DTu1CUVl8,2
Analytics5932,1
qwerty,0
Rahul@443,1
yU544KkMfV8k@,2
computer$894,1
Security6461,1
Ankit4094,1
database,0
UN14BjA4j8Hla0,2
Pooja5272,1
8ayGapl@Zl7dXn,2
1234563,0
123456,0
computer,0
python,0
analytics,0
secure,0
security899,0
secure99683,1
python816,0
ZhC%SmRtEJ2YOs,2
dragon,0
Developer@19,1
Science1584,1
welcome,0
ankit$558,1
P5Wgo^DbJnPJK!N@EE,2
vikas$264,1
em2#UtUEj9OgGaB,2
cloud#646,1
5IcTvcPTeS9t#i^I,2
secure53195,1
wKj2mlSIeWw!$d$&,2
arjun819,0
vikas341,0
data338,0
Secure@854,1
Science6966,1
data@518,1
learning,0
ankit740,0
1234565,0
Data@360,1
QCaUT!@CYLx!A,2
Neha5715,1
arjun17732,1
science87468,1
rahul487,0
Technology9459,1
rohit843,0
developer771,0
user123,0
4%A9vpCo2xrWg%,2
1234561,0
1234569,0
F*az4J4D*pmCA5hGIY,2
welcome,0
1234568,0
1234561,0
learning,0
arjun288,0
Amit7977,1
Rahul4839,1
cloud$72,1
admin,0
neha346,0
computer!245,1
pooja62146,1
iloveyou,0
Database8486,1
Security@719,1
Ankit@259,1
iloveyou,0
Vikas3595,1
database,0
Ankit@877,1
1234566,0
Developer5282,1
Developer4833,1
data#439,1
cloud!756,1
Learning9863,1
learning,0
X9cjGI3TN%Ga,2
cloud24,0
database82693,1
Ankit7230,1
ankit#415,1
1234563,0
dragon,0
12345678,0
pVQcNEnRc4j@Gj3J9,2
Arjun6355,1
qwerty,0
computer,0
developer78819,1
Arjun5061,1
secure965,0
u6PlIM^NcaNXR*GZEt,2
ankit!669,1
learning825,0
neha27971,1
secure!885,1
machine458,0
Prashant7096,1
pyUuWGqRAo53,2
b^T15OodV3B1!fM,2
Prashant7832,1
Prashant7678,1
letmein,0
&P6PqVXB!HIITRR8X,2
Computer3975,1
Cloud9271,1
security97171,1
Technology@698,1
1234566,0
x73NH*wKzUfh,2
pooja#239,1
Prashant8619,1
machine9471,1
neha3845,1
Pooja2892,1
rahul70489,1
sneha686,0
data,0
1234564,0
Science@102,1
ppwM1HfFin*t7mH3,2
neha13568,1
1234566,0
secure76229,1
A9TKu^#MXF89ENPgF,2
data701,0
jZuTfQTzu24sJ,2
arjun$157,1
7!E$^Ikv^34v#!9G@,2
kgLc4WvWWOxKmO!,2
data,0
1234562,0
Analytics@67,1
Amit@645,1
Cloud1303,1
developer310,0
Analytics1511,1
science,0
Cloud8196,1
Computer7434,1
prashant677,0
login,0
1234564,0
Technology878,1
Analytics@749,1
Data1060,1
learning11866,1
12345678,0
science819,0
Pooja@60,1
Secure@368,1
1234566,0
arjun!809,1
developer@520,1
12345678,0
Ankit@591,1
rohit$513,1
Python@761,1
Secure4279,1
hSfiQpD4$1w0$G4f,2
secure9227,1
monkey,0
ankit$378,1
technology479,0
python,0
cloud,0
rahul6,0
VU63n^299f32!q,2
data,0
pHAbtoUu5wU!&Cz27J,2
data,0
IK7Y&*dlwvRZqh&B,2
Science@562,1
arjun10157,1
cloud,0
nOpY4Wj30tZS*Y,2
1234566,0
Computer@643,1
Database@977,1
1234563,0
Science8788,1
1234564,0
Analytics9243,1
rahul#866,1
analytics909,0
Neha@391,1
pooja84290,1
1234568,0
qwerty,0
machine559,0
Machine@934,1
1234562,0
cloud22469,1
developer,0
12345678,0
Ankit@698,1
database,0
football,0
secure,0
data57075,1
rahul51157,1
zftVwAgWgU0z0f4,2
1234563,0
Pooja1428,1
3XKy3MA2SykNO,2
JV1pVe*OnLWDn&590D,2
rohit204,0
science107,0
database731,0
secure252,0
rahul!841,1
1234567,0
2z0#dTA!y^h^szy,2
1234569,0
cloud,0
cloud577,0
data518,0
XbbWZ#^iu!gNuVv*,2
Technology5294,1
pooja#113,1
bBpfh^BHa*SHG^6,2
fI&FyG1O*W6rXhxm,2
computer721,0
Python@630,1
developer9,0
QE4nq1^^@cKkQ,2
rohit@656,1
data,0
Secure@618,1
qwerty123,0
Sneha@455,1
monkey,0
Prashant7366,1
!$O2RqORMtHQ2Z6w,2
h7ur18If3dmOH,2
1234563,0
arjun69893,1
computer,0
sneha@586,1
data$391,1
sneha#215,1
computer,0
python153,0
Technology@828,1
ekagn3YTPNRNFegm8%,2
Technology@762,1
1234568,0
zh@zun0YVZnf5h&,2
Data@105,1
neha35,0
rahul#791,1
Secure@712,1
welcome,0
developer,0
1234569,0
Learning9246,1
learning70391,1
pooja946,0
sneha469,0
1234567,0
rohit#887,1
Secure@661,1
t$BLnb05jce4LLw,2
vFiWHqpq#q2T#S8g,2
cloud351,0
lU^HDHSWSosCKAHJ,2
monkey,0
secure245,0
IPc8Apt%ujmjxYNtm,2
OGH@#B76g!hV,2
learning739,0
amit190,0
1234567,0
G!f9$E4%@@Qu,2
india123,0
UJIn*C#U5t^vZs,2
m1TnOOv9K5*@,2
letmein,0
Neha@822,1
Learning6283,1
Technology5920,1
1234569,0
Amit7613,1
amit526,0
1234566,0
machine929,0
arjun$942,1
Computer@774,1
cloud456,0
mNMGIoWIOXwHz,2
as@5jT5D0^Qa4h,2
Arjun1809,1
qwerty123,0
Database@290,1
rahul$755,1
Cloud@350,1
python,0
prashant$389,1
database@612,1
Machine@355,1
tEFgM2xpN!c1,2
analytics,0
1234567,0
cloud957,0
letmein,0
Pooja@453,1
Ipp6843znK04,2
learning,0
itt$Cc$!*%N85*$,2
GB6SZ^Y&3w5G#,2
admin,0
Developer8007,1
qwerty123,0
Technology7318,1
&xLZNpE5k1PhJ,2
computer655,0
CpiUn$jEWcdJ,2
Pooja@452,1
1234563,0
Secure8112,1
u3&gc#2g2%jLNk22X,2
analytics,0
analytics,0
StJbG9!P9wKaeDhzk,2
data$365,1
learning953,0
sneha80956,1
prashant614,0
analytics@158,1
Vikas@554,1
science,0
computer34563,1
appOR9ZJmVnA*UVFu,2
technology221,0
sneha328,0
analytics92575,1
93P3va!zCVcb1H,2
learning6806,1
f8*u%WxUS%4xy5,2
security890,0
rahul537,0
database681,0
database9325,1
Cloud@795,1
rohit$226,1
1234560,0
1234569,0
technology229,0
prashant$821,1
machine#959,1
learning211,0
arjun18237,1
5jWf3zHRjeX^,2
1234562,0
WbNx!#V@nhF1ybUWQ,2
Security@45,1
1234568,0
a$%Xd^ila6mKwAZdF,2
Amit@675,1
developer64959,1
sneha508,0
prashant701,0
Ef8!QW$Hwppei^,2
developer22775,1
computer,0
cloud8505,1
analytics,0
admin,0
neha626,0
prashant391,0
Data@115,1
python,0
1234563,0
1234560,0
lNajJXXkEZe7@s!ueK,2
python73274,1
analytics!124,1
python,0
Science7961,1
science@40,1
Computer912,1
machine@356,1
learning!237,1
football,0
#cbdMnYsW!UflN,2
Amit@134,1
secure,0
LXKuhm#ncrBvamWSn,2
aZco!Se6RpuX78Tc,2
technology52308,1
Kz3S2&@vbsaG!kdDX,2
Analytics@395,1
Secure@712,1
Computer1065,1
gsc2SN8zO2Gr,2
Vikas2287,1
india123,0
H3M4ftz1a4Lo,2
python2671,1
Learning@684,1
data,0
data!108,1
1234564,0
1234563,0
pooja@830,1
rahul!810,1
Technology@428,1
Ankit5836,1
ThjNFtT7bv$3pb,2
security,0
rohit331,0
1234561,0
Sx^AfRyb3!Cb,2
gD^Lcn387Zsip,2
welcome123,0
!LNSJd3oNF$638,2
python,0
rohit80728,1
x0Dv8BvHD!fykfP,2
Technology@835,1
ankit196,0
user123,0
Python5813,1
cloud90221,1
analytics33814,1
iBj^HyKjyS9p,2
Ankit@137,1
technology@271,1
DSNpJPS1N5yimY$,2
wZZD8cb*%ICyfp,2
Ankit@529,1
Cloud8514,1
eqKKZx^v3i7AHWe*6,2
1234561,0
sneha933,0
aNRaDa^DJokZK!0Gx,2
computer91497,1
Sneha2164,1
USAxU#&Fewlz,2
Rohit@62,1
cloud159,0
Pooja@173,1
jaRdFl19&jw^$F4C,2
*QChtx5%mJ2SFOF1%,2
1234564,0
Science1410,1
rohit#404,1
python,0
prashant@785,1
arjun458,0
computer720,0
sneha471,0
QiE0g2U8Lj0GC1ZFF,2
database12222,1
Rohit@741,1
JR#D0j&$y4LN*,2
yWeKqIIPaxSX@,2
technology,0
*jYnaD40AuLaC$dM,2
1234569,0
python16,0
vikas474,0
AkEqMev8ULxTfiZV5U,2
learning40489,1
b@aRYhRO9A%K,2
technology30,0
science82,0
cloud#395,1
$kLBDX5Q6QUH,2
cloud73953,1
Cloud@251,1
3ZWg*o$7O%eKnLcy1,2
security108,0
amit888,0
cLLBiukzJPQ4d,2
computer801,0
learning,0
Amit@724,1
computer498,0
rohit48352,1
1234561,0
Rohit5148,1
vikas314,0
JMA^rW5ZJpEXX!I*%,2
amit!541,1
DkMp*EPeKgKLH7J,2
data,0
python,0
Sneha2682,1
Learning@261,1
Cloud3929,1
welcome123,0
V&@96a8TdnyBwPY59,2
arjun$806,1
1234567,0
data@793,1
prashant248,0
Arjun@320,1
Technology6010,1
Analytics@285,1
RKnqn7Wvg*ejw^FG#,2
rahul940,0
computer,0
Amit6994,1
BylOrMbIpO6P$,2
Vikas2392,1
sneha834,0
admin,0
security459,0
iloveyou,0
Machine@228,1
amit685,0
admin123,0
developer288,0
1234569,0
$oMAQBRHxR3q&,2
sneha66078,1
6QjFGf7Il#OcV&,2
security,0
Vikas5766,1
science#799,1
monkey,0
Ankit@326,1
Secure8972,1
1234561,0
Python@518,1
rahul870,0
computer,0
Vikas@401,1
VXS4*CDFLAjdSk*,2
T44^x^bR9x$F5%zb,2
1234569,0
technology#359,1
pooja656,0
science$375,1
python73373,1
data47,0
7KAcZH&G9@yv,2
123456789,0
Analytics1668,1
science776,0
prashant753,0
data$291,1
science355,0
rahul18718,1
qwerty123,0
wlQufh@LiXWIA,2
pooja25,0
data872,0
developer$59,1
1234567,0
vjGp*pfh6ud#G8&f,2
database,0
Sneha@348,1
neha@418,1
sneha#796,1
cB9^K*ZOuBf&,2
welcome,0
Pooja8932,1
technology,0
Database@804,1
security83,0
qwerty123,0
Security6371,1
gHb&$2knvV#cMMDhYO,2
Rohit2088,1
amit!997,1
rahul49162,1
Rohit3319,1
cloud$290,1
Science@917,1
ankit44998,1
security$561,1
analytics$651,1
admin,0
security730,0
prashant636,0
data345,0
neha654,0
football,0
security!338,1
Python3172,1
HzJA0FP3^h%@4,2
FK!sLHm27Xsm&!LEc,2
K@MqzrY^EM%9dwQ,2
database,0
developer@458,1
prashant883,0
YZCIaGn4GH72Rxq,2
Technology6581,1
neha#83,1
learning,0
Developer7452,1
prashant!506,1
machine61244,1
Fpw63f@&EzSK*wqGU,2
arjun550,0
Analytics@508,1
Rahul1757,1
1234563,0
1234565,0
machine!147,1
Data@511,1
Sneha8233,1
Machine4456,1
password,0
Developer@642,1
vikas251,0
Sneha5236,1
security430,0
password,0
$baFaaQy6&t*Y^9utg,2
1234566,0
machine479,0
1234561,0
5aq6rvNt0BQ&,2
1234568,0
IPSlgsDEUU^#S6t,2
CHZB%m3kdSP!UAct0,2
learning,0
iloveyou,0
developer,0
Developer8880,1
Sneha@296,1
9IGffw1x%YS*c@xch,2
cT6ck@KAP5PsqQSV1,2
I2banRoqBWtI,2
welcome,0
database41,0
cloud637,0
security$305,1
analytics@351,1
login,0
Analytics4385,1
HrftuybO9S6F,2
technology192,0
database48175,1
Amit@341,1
analytics538,0
Amit7759,1
neha268,0
developer,0
K6aKpNVeQXBz9f,2
Pooja5496,1
pz&4USPJuw^nyFt,2
Data7550,1
analytics302,0
1234565,0
science,0
developer#804,1
vikas@742,1
learning493,0
Learning8587,1
Oui5edPyir1cVO!,2
Python@828,1
&42PVmv1%lDe@%,2
technology,0
nvEHPwzwV%hxKS,2
rohit$193,1
computer14459,1
0zr@htAm7Geq^jfWa!,2
analytics@296,1
science742,0
data84665,1
secure48184,1
science@694,1
fHN&UvXgsFQK8t,2
rahul913,0
abc123,0
database80208,1
cloud771,0
CCQUTZE$Vi^tHA4M^X,2
ffSU!Az^a6qZXaKb,2
Developer@36,1
1234565,0
eYP&Y@ruzvLxfGEchZ,2
computer874,0
admin,0
vikas@570,1
data,0
security,0
vKEctDqhbdmyq,2
amit23452,1
python65003,1
analytics$129,1
security#427,1
Machine@781,1
abc123,0
python8045,1
Python2121,1
rahul$80,1
1234569,0
56z*xMy#tiJ3vuv,2
arjun875,0
wuBRdXs!dLfmJM,2
data,0
technology89519,1
python55392,1
1234565,0
developer,0
cRFeIR9USh$x,2
Rohit2125,1
cloud!580,1
M#MY6K7SvmIFUWUfWr,2
data,0
Sneha@773,1
rahul!156,1
Prashant@529,1
vikas412,0
developer38887,1
pooja328,0
Sneha1110,1
dragon,0
india123,0
UEjxuUuZJ4K47h34W,2
machine@47,1
monkey,0
secure,0
pooja!766,1
Vikas@30,1
gh4vyjLwdKAc,2
Machine937,1
Python@221,1
Cloud@383,1
abc123,0
Science4349,1
technology75292,1
rohit90823,1
onQppk3w8mGAVyH,2
password123,0
vikas25480,1
password123,0
secure97162,1
cloud!767,1
ODE0embEjmIhd,2
#ov5orx%%5NjQGtT,2
Sneha3151,1
1234563,0
Sneha@870,1
keQivr7sIyc2,2
rohit@689,1
prashant9735,1
Python@821,1
1234567,0
science811,0
1234562,0
science$69,1
olcIaEdx9Y9B0c^,2
analytics#55,1
Vikas@515,1
Cloud8630,1
Bf1xUg#eSV3L,2
Data9595,1
admin123,0
1234561,0
prashant760,0
rohit35541,1
database96,0
prashant49673,1
learning!350,1
sneha24247,1
ezhB2@L24UY8VAP,2
amit265,0
@a%nvh6*fdA@*,2
1234560,0
1234560,0
7S!%&ToZZkc@,2
developer35846,1
Zj3sqv74q3ncRI,2
data536,0
Learning@934,1
ankit53521,1
user123,0
wD*L40kMMGCC,2
Analytics6198,1
4RC7N4YBn^BGxc,2
1234567,0
Security3330,1
1234568,0
Python@397,1
5#uNqV1UqBQGfMLR,2
computer,0
Technology@545,1
YfrZQCxCjSzc9c7n,2
L^@%2cjTh$CE,2
Learning@630,1
developer@807,1
nM!NsSd6NC^rfzTh,2
analytics,0
password123,0
sneha214,0
rohit!860,1
computer,0
uHE1M*Rj4^u5U@8zhX,2
admin123,0
NdhhtP0$zQ2q5%F,2
99WQHarCM8pKSoy,2
Developer@554,1
Learning@238,1
Security@789,1
ankit599,0
UTQEZMvxgH4eQGH,2
Technology5876,1
sneha395,0
python32456,1
iT%DIICdq7EONIw,2
Python2563,1
Vikas6961,1
5ZzGw!vN47noS56y9,2
R0pZui!BW8kE,2
@ziLcBjpY21p2vNY*,2
39Ywj#rxN7xqG@Z24,2
1234564,0
6sQ6&VwyOt#hdy,2
Data@254,1
technology,0
Amit3052,1
k4la5d3682zoAm,2
machine@207,1
Security@18,1
rohit835,0
Machine@345,1
58fDm9aU2&qVzxfiIB,2
machine@814,1
pooja@457,1
1234569,0
technology136,0
cloud,0
user123,0
analytics,0
iloveyou,0
A#9rpmrcB$t#yfnV,2
analytics437,0
hX$eEeNdaPI1%ckzpJ,2
pooja1,0
1234565,0
k8nWgiEWLi!1O,2
cVM*AYddj1%bn,2
computer,0
1234564,0
Computer2076,1
computer27405,1
1234568,0
*cM@fH0JQPTmZAuKe,2
Sneha7390,1
VzmaE$jYZ@4dU,2
1234566,0
admin123,0
^sP*P9$z*fy9dB58A,2
1234566,0
Amit@718,1
jyGcSpJbOhjmFXj,2
Python48,1
python,0
security@726,1
neha442,0
5hihyqpQsGn@3oom,2
amit!623,1
secure!407,1
%lhajivACcp16W,2
database86267,1
yX#NmLENKYvw#c!Hh,2
Computer@890,1
1234566,0
abc123,0
x7KpgVkS6$kVRRl,2
TVv2GFOrrm9zqN,2
1234569,0
rahul913,0
Learning@673,1
ankit641,0
neha982,0
rahul905,0
science,0
security$667,1
dVQrr98dq2gN7Z8%5,2
letmein,0
1234564,0
5v5ZyB0#df4onK@,2
Python5845,1
sneha835,0
vikas743,0
MDBo0j3Z8NN0,2
f!oo^QiopV@*6qE,2
z@pPV%ZbxZMq,2
1234568,0
Vikas6175,1
Prashant9044,1
sneha!920,1
NJght!H$GvJND4,2
AZX2gKN&Y6op&^j0i^,2
secure844,0
neha58429,1
Analytics3980,1
rahul43872,1
developer$621,1
monkey,0
Sneha6125,1
computer35365,1
Neha@663,1
Prashant@63,1
analytics,0
learning86207,1
computer41344,1
secure,0
f6uWRuhnJ$71g05,2
rohit383,0
user123,0
cloud!416,1
arjun533,0
abc123,0
computer,0
iloveyou,0
learning79944,1
dR%3TDkIBIwwe@f,2
computer90760,1
secure,0
yZ!Lv*Yek!Y8^5B#,2
pniAeSwtA^CU,2
analytics,0
dYExHJZG0eJov1nYUP,2
secure@684,1
learning391,0
eN8Wjgt2UHLkfHz!7e,2
cloud,0
Security@847,1
Arjun@837,1
TlkeZOYEwxZ!joj!$R,2
neha618,0
ZLrsqsSF*Gj4,2
rohit$393,1
ankit884,0
Rahul@609,1
amit751,0
sneha@882,1
Amit6658,1
Neha6059,1
cloud631,0
admin123,0
sneha821,0
machine24140,1
arjun638,0
rahul@972,1
$BsNd8w$kS#n1j#d#d,2
hHcADYw4sIMQqx9U,2
rX!Dr9wxsnOSEs,2
python52426,1
GUmkYRi2a*ZwLPn,2
database5,0
secure#938,1
data675,0
machine,0
learning8106,1
neha!397,1
sneha!974,1
neha54211,1
Developer5029,1
Analytics@14,1
welcome,0
prashant36596,1
1234561,0
computer13143,1
Prashant3352,1
user123,0
AEv8mdMOAPlBO2zLC,2
learning990,0
analytics,0
security310,0
ankit@43,1
GRfw$MS6p1m$k,2
Security@621,1
analytics@232,1
admin,0
science2421,1
arjun@401,1
1234566,0
Analytics@120,1
data609,0
ankit92,0
computer,0
H!HbosUSFp5QPaH,2
Science@312,1
data866,0
Machine@438,1
learning,0
Computer@758,1
security69531,1
vikas438,0
ankit!902,1
rahul68141,1
database417,0
Security8244,1
database84482,1
Vg2%R#qH&0Eh7t,2
PJp5AMCkNpHujT,2
machine$872,1
security,0
letmein,0
letmein,0
Arjun7244,1
1234561,0
cloud@297,1
database759,0
rohit578,0
Data@39,1
prashant312,0
hSVPqE9#ydG@S9LO,2
ankit38165,1
secure,0
user123,0
LlAfp2gZGHfzU,2
Lp!9yAKDf6otm,2
lXc3yvCi^W7%o,2
1234563,0
Z9arT5OET2NIi,2
1234562,0
Analytics@728,1
amit515,0
learning,0
cloud6818,1
U9r%WEREldX9CCB%x,2
Technology5252,1
vikas399,0
login,0
database,0
machine@14,1
python14742,1
1234565,0
rSG^EjdAwaJn,2
sneha135,0
wR5PTot3B7hh@2B,2
python479,0
Ankit@937,1
Security@229,1
VYSYuivPeMMjM,2
database@783,1
wS1L$T*2N@31TP@!a,2
Science9197,1
Prashant@802,1
data50028,1
rahul60817,1
Developer6201,1
vikas!719,1
football,0
secure44285,1
1234563,0
database289,0
1234564,0
Developer9678,1
1234568,0
learning,0
i3SCSRsr8Pkqafil,2
Arjun4956,1
computer245,0
database,0
1234561,0
sneha#641,1
Amit@942,1
secure,0
1234564,0
data,0
science16833,1
database$858,1
abc123,0
prashant176,0
pooja48189,1
prashant91855,1
Pooja1819,1
Cloud8590,1
rohit729,0
1234566,0
sneha211,0
2zA9T$IkF*8^@a,2
login,0
sneha625,0
12345678,0
science$800,1
1234560,0
rohit177,0
developer,0
technology576,0
Neha@124,1
1234562,0
Security2190,1
technology98,0
Arjun4528,1
Arjun7759,1
Analytics3663,1
technology,0
developer377,0
cloud650,0
data275,0
rahul95245,1
Secure@129,1
secure947,0
Pdqk^K$GTIJ4sTL7s,2
secure129,0
Rahul@273,1
learning#322,1
Rohit@79,1
technology524,0
Technology5220,1
Analytics1356,1
1234569,0
learning@509,1
secure97706,1
prashant169,0
AJmxK8rxD6sf4Mi9S,2
rahul966,0
developer680,0
Computer@173,1
6UT*w1Cul^JVm,2
1234569,0
1234569,0
security16742,1
science,0
computer#587,1
1234560,0
qwerty,0
k6CoWyCrLDa%@vNG9,2
d!prkvU@*3jgs,2
science66945,1
Machine5907,1
secure!966,1
Amit@119,1
12345678,0
sneha400,0
abc123,0
technology551,0
Analytics@668,1
Sneha@719,1
XDgwnwj&uy0y,2
Secure5420,1
123456,0
python60553,1
security#298,1
Vikas4574,1
Pooja1521,1
neha231,0
rohit262,0
1234567,0
security,0
technology,0
pooja70782,1
data@307,1
cloud,0
data,0
rahul96,0
Pooja1006,1
$ER^VT#C2HPH5V59Hr,2
Machine@604,1
1234566,0
neha#73,1
39xODh$nQ^a*Z4%HVn,2
technology291,0
vikas608,0
Science@751,1
XyOj!S5hUAxfFWjCc,2
1234561,0
Security9256,1
sneha336,0
python984,0
1234560,0
Science8677,1
8D8Bn1s5Sv!N0gk,2
learning835,0
Python36,1
qVYWj*bWma^RF,2
Python116,1
1234566,0
india123,0
WzIoaW73%9if,2
vikas313,0
security115,0
secure$134,1
secure9246,1
Developer4948,1
rohit923,0
Developer@349,1
QavLsGr1BFVwDo7PK#,2
Rohit2057,1
password,0
analytics,0
Amit2749,1
computer#636,1
computer401,0
data971,0
pooja!273,1
machine,0
HM0S77pF5oSzGv7#Bw,2
7Bsw7W2PG&Lq@NL2NR,2
Sneha970,1
computer,0
computer73500,1
learning29621,1
technology426,0
machine84151,1
aozD7YjjU69bmNlo,2
arjun111,0
letmein,0
Ankit7590,1
iWz5UcV4rpVielhdHL,2
password,0
learning@467,1
rahul855,0
abc123,0
analytics98858,1
8kJnIx3LrCdWGWoK,2
developer894,0
Machine@563,1
1234563,0
!Rr$9uNQ6*wxKR,2
Vikas4844,1
password,0
sneha540,0
eS4*WXq3wBEREbeqS,2
Computer@891,1
vikas60563,1
qwerty,0
admin,0
analytics48820,1
neha!357,1
NC@8i6iDPBS$kh,2
developer$172,1
india123,0
data@965,1
8Lt89QnOCY4rg4TeX,2
Pooja@710,1
Amit5410,1
Machine9379,1
learning,0
python531,0
admin,0
vsl2TZlzh4E$4k,2
amit90340,1
technology346,0
machine#930,1
science28520,1
amit880,0
analytics705,0
python#33,1
Rahul@968,1
computer84,0
0VSArXG@InHixIbH,2
secure,0
Xgaaita$!nXB^pBs9k,2
#Cn&9qm0Qam^,2
1234561,0
pooja730,0
rohit314,0
Cv$nZ3Rk!!zjAk6L,2
oEPr!2xSRF!2V,2
data,0
abc123,0
Developer8772,1
prashant240,0
technology#616,1
P5ML2OMG&so$!Bw,2
developer557,0
Python5766,1
cloud,0
pooja@568,1
Machine7863,1
technology,0
1234562,0
1WU1uf1@gEDBW4!,2
developer#217,1
arjun191,0
Python4032,1
Computer2225,1
Technology@932,1
1234567,0
amit#884,1
T79kmLl6L1igWwCTm,2
technology506,0
Amit6983,1
rohit965,0
welcome123,0
Rahul@835,1
ankit615,0
jd*Iv9gMOA%2*4Y,2
123456789,0
security,0
neha759,0
Ankit9453,1
technology,0
rohit287,0
vikas@827,1
qwerty123,0
sneha$902,1
sneha803,0
men@r@I*rkRl9,2
Cloud8043,1
1234564,0
data#104,1
Security7897,1
learning91338,1
Amit6105,1
Science2925,1
Technology7846,1
rohit663,0
machine24991,1
analytics513,0
rahul!684,1
M$!IywaAsvWZ#8dA8,2
database#345,1
learning@276,1
computer67226,1
sneha380,0
Technology5022,1
OV4DmKt22wsG!4,2
Cloud3310,1
developer792,0
science@622,1
FCzF#zz^52$AZ%^,2
1234566,0
abc123,0
sneha@501,1
machine536,0
ZdzALwSh*Y7tt0,2
security!470,1
prashant$994,1
developer,0
H3#DBeUB!Jf2uGr,2
Science@251,1
8@yXSn^&Jo&0YkBsM,2
analytics187,0
computer73185,1
arjun43310,1
MD$T^bd$23uIOcPiI,2
N#7CS!VICKPE,2
machine!509,1
46stus2NWkPEEebs,2
Cloud2235,1
Rahul7716,1
Science4141,1
data780,0
Cloud@422,1
amit75498,1
developer47651,1
1234568,0
Developer1384,1
Technology9250,1
login,0
Cloud@685,1
password,0
football,0
amit26,0
iJOq*4%Yr#Eax,2
hUsj#TgPXgynmt,2
python#772,1
Developer9047,1
E*2TN6ix@gVG$6N^8e,2
Technology6245,1
technology#288,1
python,0
security,0
security660,0
learning@855,1
FmN!IC7tfyPtkXcpd,2
technology,0
admin123,0
data241,0
1234560,0
mHVuF!&bANXBz,2
data823,0
Technology@433,1
egUSB*oP8Vgl,2
Developer3628,1
g96JnK^%oSoLI20lR,2
science!898,1
Rahul@410,1
learning$235,1
Rahul7113,1
1234563,0
1234564,0
Pooja@673,1
Security@249,1
VAzlUkzjzS3o,2
rahul168,0
machine76712,1
database113,0
1234568,0
arjun36830,1
vikas$324,1
cloud$165,1
1234569,0
prashant519,0
Science@48,1
Data@139,1
football,0
Data7406,1
Machine@261,1
security,0
Arjun@711,1
Analytics3086,1
1234560,0
security,0
Science@377,1
Ankit3113,1
Security9754,1
E%%iW*N^r7vzce,2
Cloud@969,1
Cloud3878,1
Database2047,1
DBgdw@WEr6xvA@C,2
pooja@159,1
vikas50,0
secure55830,1
machine,0
science#838,1
Secure6904,1
database,0
database249,0
data80693,1
database41694,1
machine57101,1
xvy%HAU7y&OMVvtPi9,2
rohit#647,1
Database@332,1
computer$427,1
prashant28548,1
technology956,0
computer24403,1
machine99896,1
%zqUtVKBeyRFRwi,2
data#818,1
Cloud@751,1
Science5874,1
login,0
data,0
prashant881,0
arjun364,0
Analytics@771,1
Learning3334,1
learning$566,1
Ankit8202,1
Pooja@192,1
learning,0
rahul28213,1
neha456,0
security347,0
83uWaxBQ2KcDb&3$k,2
Vb93@YB^npL6IXpwE,2
data,0
computer928,0
1234562,0
Z03#3&V*IBilXuih,2
database#872,1
pooja752,0
neha363,0
1234568,0
QX5yQ%MAGuymHJQvmv,2
Vikas8991,1
nfIgoOpMnLaThSbk,2
database166,0
data,0
secure91713,1
Learning@960,1
rahul550,0
Arjun@726,1
1234561,0
vtNXXpHu&f!a,2
1234560,0
Arjun@897,1
j8RBEp4hrSAE,2
Pooja@554,1
security,0
data,0
cloud,0
Neha6821,1
security94,0
L*Mus03zlVMBc,2
dANpFjTWRzW3@lAZN1,2
1234562,0
1234564,0
Security@790,1
0T46OECSwp@aXLa3Kl,2
secure,0
Amit@914,1
pooja202,0
Neha@114,1
computer,0
python,0
machine$531,1
9NX9xX$0yalDACq,2
Pooja9200,1
cloud$692,1
python,0
*TpN6T2p1fA*,2
neha$39,1
u#6OZjNkbWWiV,2
yuR5^f#Qf2byh,2
welcome,0
rohit481,0
UQmrte7tszfAFVtCC,2
TinpE@8F*6u47X4&,2
pooja8,0
technology,0
Arjun@395,1
cloud,0
Mp#4sgw$kiAba%IEB,2
Lkoj40FycRa6,2
neha7920,1
monkey,0
secure781,0
learning,0
arjun786,0
analytics15,0
data32837,1
neha616,0
ankit!831,1
python,0
vikas#835,1
qwerty123,0
india123,0
login,0
Technology@205,1
$u$bmIg&orFR2Dk,2
Rohit6277,1
ankit#901,1
6l*jz&DN@4fSlbG8Da,2
x%vmBokM$wNl,2
analytics#326,1
&LsP0CMccl51^CF,2
Database@274,1
science27,0
data!407,1
I0N&rd%!q^N%j$n&X,2
rCJGGhPV4sN@7vk,2
pooja874,0
1234564,0
science97417,1
cloud716,0
F4rm*UBS$GgN9fU,2
Data@335,1
vikas$333,1
Rahul7506,1
12345678,0
sneha#593,1
Sneha@833,1
Secure5665,1
machine,0
%1i#3%ybGAJs,2
vikas896,0
1234569,0
BbbJagF!1SNcnMfR3Q,2
123456789,0
hs7aIYyYio%y%1,2
amit@428,1
iloveyou,0
Vikas@199,1
1234568,0
ankit96537,1
Learning@780,1
sneha346,0
Machine@566,1
amit909,0
h4JkMvcmEJ&NBw*,2
1234567,0
arjun47886,1
1234568,0
1234566,0
Analytics@775,1
pooja!508,1
1234561,0
#JY51i7cVplfBSZuO,2
Vikas6528,1
analytics,0
Cloud@793,1
letmein,0
prashant66126,1
1234562,0
rahul329,0
vikas!999,1
amit157,0
security431,0
WX*PAxJoL#Kt1$,2
e!4T8K3S^R4VYMUlw,2
secure75425,1
UlZSsx%!APnl79^YE,2
sneha$691,1
machine@608,1
developer450,0
neha$693,1
Arjun4642,1
Arjun@850,1
security@278,1
Data8714,1
Analytics1417,1
1234567,0
developer,0
Rahul@516,1
17enQVvxXNjrH,2
database#745,1
zOoW*Eraxu7pkBk,2
hskJ%ge&G4OQ,2
prashant33322,1
1234561,0
1234569,0
cloud537,0
@Ar6O$IQ2s8ny7gs,2
Machine6438,1
WZdM7^zg1s2L,2
Learning@954,1
Machine@94,1
vikas970,0
f%lksrexjRmr#TkAX$,2
python!742,1
security!794,1
Rohit6101,1
rohit988,0
prashant@174,1
developer41576,1
science,0
1234565,0
Ankit@645,1
pooja72503,1
1234568,0
zvAc9*pIoqQ7c05h,2
rohit#317,1
Sneha9881,1
Vikas6812,1
1234565,0
Analytics@999,1
Amit3511,1
arjun696,0
Computer3081,1
dragon,0
1234562,0
!F31N@fWOaoZ,2
Analytics@433,1
python904,0
password123,0
analytics99277,1
TXg^^dL2Xj5oblK8&,2
admin123,0
Computer@819,1
database515,0
python@134,1
admin,0
Computer@484,1
computer,0
machine$488,1
Rahul1977,1
analytics270,0
!mc8E#wyxsP*CC,2
rahul85174,1
security283,0
technology$844,1
password123,0
uI@EBAM$kKhqYXC,2
welcome123,0
V@R6QmBo$Cry!g&,2
Developer4206,1
login,0
wCuZJP6fi85FD!,2
security,0
neha11868,1
data663,0
Rahul9805,1
Science@641,1
technology12133,1
developer,0
Ec@PCzWzoHr#0m%Zp8,2
Sneha@452,1
Neha6269,1
Neha@166,1
EgbzS&h6VZFGLmf#%S,2
1234561,0
1234567,0
rahul509,0
lX8l!5mpaCKf,2
science,0
Prashant@495,1
chdblDEhvpJc,2
cloud13275,1
python595,0
secure$737,1
Learning6193,1
vikas@221,1
Pooja7270,1
amit98272,1
b$CC%qWS2p8&W*jrWZ,2
arjun@756,1
arjun$722,1
prashant$390,1
arjun$512,1
Computer8316,1
amit@809,1
admin,0
computer836,0
monkey,0
Secure1342,1
1234567,0
$^bvuSQ@YBh$%,2
@e4ib1qykSKCN,2
pooja$327,1
login,0
security#858,1
1234560,0
science$997,1
computer168,0
security896,0
python!533,1
1234569,0
f8k%ctwkFnYeO,2
ankit395,0
data!295,1
database43947,1
1234564,0
cloud707,0
database,0
sneha960,0
Sneha@590,1
1234566,0
sneha64628,1
Data@163,1
JiOBSdcHzSj%JfW,2
database,0
analytics,0
nw2JE%H8dmucUgmXB,2
science,0
r2U!povLnr$Ba,2
1234561,0
1234567,0
learning733,0
1234562,0
amit969,0
amit85,0
6rNTcIdGnI5@l2v&&w,2
login,0
computer18061,1
K4DsuBrrGu3z5BY,2
kuRGnLRr%!*J9SaJH,2
Machine@444,1
Data67,1
vikas24921,1
qIMI&DJVpVOa5,2
Learning@149,1
Cloud7021,1
secure200,0
vikas887,0
Amit4111,1
Security@704,1
ankit96438,1
arjun875,0
password123,0
szSH!kBgu!qbvO,2
1234567,0
rU7$^FQGBv3eDwvMga,2
Rohit536,1
Science@927,1
1234568,0
Neha@61,1
qwerty,0
1234564,0
Science1694,1
database501,0
letmein,0
vikas590,0
analytics$563,1
Data@972,1
P!kM4@gf7lkgDUyC,2
analytics!650,1
security,0
Ankit8911,1
Arjun3634,1
1234568,0
RGosXPQp8ADYX2NpJC,2
qwerty123,0
hona0FvxJIEuXSHO,2
developer124,0
QPi5oSKEZfBIUG&Ad,2
Pooja4479,1
password,0
ByykY8vXXKcEg5Sa,2
Neha9424,1
hW5ohn4WVmcP,2
d*WQB@LITT&zy,2
database,0
G7$ns0%$pa8WE,2
password123,0
sneha16816,1
1234561,0
qwerty,0
5#INqHX73chG,2
vikas455,0
developer#826,1
TlYiGciHdcQMMN2vV,2
developer925,0
computer761,0
Vikas2496,1
machine506,0
Ankit1086,1
Prashant9032,1
$gnrs6p11vADTx1,2
analytics,0
amit27740,1
Sneha4269,1
login,0
science45,0
machine60397,1
secure,0
Security9112,1
*EEWKtoSt1GU%7,2
pooja199,0
qwerty,0
Cloud@169,1
Rohit@99,1
developer,0
database,0
sneha$764,1
WtSz05nn!prfDNU9Ip,2
Learning6246,1
123456789,0
Technology@232,1
india123,0
1234560,0
h182Gqgol@Fjf,2
cloud979,0
learning,0
Rahul8772,1
vikas367,0
Vikas8682,1
1234568,0
database447,0
technology41877,1
mG2EjvLREH6HijZe,2
7*pusuBIILJ6M&,2
Amit@414,1
1234562,0
GqWh9iCzkID&,2
pooja805,0
secure,0
oA4wb074Bh6dEBGZYu,2
dragon,0
u%k$APb4E#M&P,2
Cloud5961,1
developer342,0
technology403,0
developer,0
rahul#616,1
computer10134,1
login,0
1234568,0
Ankit@90,1
h%DdtxtfvNi@2,2
neha6980,1
vW05Lhca9!CPL,2
0xUScoslBUQygpuRC,2
arjun#408,1
7h28Q3MLcAlI$,2
database267,0
science167,0
PTOatXKVbT%AYg7ut#,2
neha@822,1
amit!41,1
security46152,1
science,0
cloud472,0
vikas4836,1
a4D48$kgH$VmSd,2
Developer@579,1
secure,0
football,0
Vikas6573,1
1234568,0
arjun$877,1
machine,0
Sneha@322,1
#Mr7W!6Jn3RE4,2
rahul#857,1
monkey,0
machine,0
1234567,0
pooja654,0
data17064,1
zpIiIjgklqfk6N7H,2
O83mJqy#hxiw,2
Learning8841,1
@fx7%U5Iy0Ku,2
developer89716,1
pooja#418,1
pooja@595,1
database955,0
database,0
Analytics9548,1
cz$PX#frMJat5,2
1qWJLnL6hHK6P,2
learning621,0
rahul918,0
bcbw8&b19rI2O,2
computer80903,1
arjun561,0
ankit23875,1
Secure3704,1
Python@579,1
vvByqw#M2Yp4kf$m$,2
Computer@255,1
learning,0
Secure@38,1
@HGvwR5zeB!G$Ug^,2
monkey,0
arjun@12,1
Analytics@690,1
%4!lO7DCDQC#B@,2
xF&LhP3L6Wnv,2
amit!482,1
arjun37,0
security437,0
monkey,0
security711,0
machine!54,1
vikas!814,1
abc123,0
rohit294,0
secure124,0
1234563,0
cloud,0
1234562,0
vikas!799,1
neha61616,1
9^es%E*YAme1w,2
admin123,0
computer,0
9f7W&0GIJip*Skf,2
data,0
Prashant3754,1
rR#MwCcqu8x!Vuo,2
Security7991,1
amit295,0
174U4q747o$J0,2
computer941,0
python#717,1
!m2LZuql@9yXcPEa,2
kbce98*Eo%u0,2
ankit73,0
neha58,0
analytics,0
arjun#944,1
analytics,0
prashant#34,1
Ankit6358,1
science@205,1
Data9198,1
%@diw#jwkuZBOoU,2
rohit5404,1
science27185,1
KLD!x*x#GdmvTqhfHF,2
vikas72,0
rohit$943,1
dym!vIgB8SkB!,2
Arjun8776,1
W@mLPita$I2SF$RlH,2
1234565,0
python,0
sneha725,0
rohit7201,1
analytics,0
UObFb5O*qQG284tEW4,2
Amit3143,1
computer$195,1
pooja2706,1
secure!521,1
Ankit@419,1
Developer425,1
WQcP%JMjIwq&CP,2
Python2201,1
learning416,0
*fS&GYe8aHDRn,2
database$174,1
password123,0
Prashant@116,1
machine,0
Oy89&$k21$fZQjn#5K,2
vikas@95,1
amit$302,1
Cloud@543,1
#yN*V1KDv7UNkjP2U,2
sneha53,0
Technology@93,1
cloud,0
analytics#964,1
pooja650,0
1234568,0
amit670,0
machine43558,1
1234567,0
vikas5582,1
afcAv1Z0l7b$,2
ZGNiYs@!0SasLuThkt,2
science,0
9j7YYoWvKryB^,2
12345678,0
prashant41436,1
Ankit@598,1
arjun778,0
science280,0
Security1698,1
1234564,0
vikas70239,1
6yq4^Yeu^L0BUUTci,2
technology,0
SqPyRUEakXUI!hRLG,2
arjun75396,1
1234568,0
Cloud@262,1
123456,0
rahul64587,1
secure,0
neha725,0
database,0
1234563,0
india123,0
cloud33923,1
amit#94,1
Sneha2283,1
cloud704,0
1234563,0
ankit222,0
rahul436,0
Analytics@887,1
Developer6957,1
Lk*OvhB@nfpcJI,2
qwerty123,0
EGf0ch^9Z#L^YVP%,2
secure$460,1
7QU3LNsw@@RclA,2
computer,0
computer,0
secure624,0
cloud,0
Rohit@235,1
computer729,0
prashant942,0
amit647,0
developer147,0
machine!363,1
1234565,0
machine537,0
0oc6OdOYkmSTUmf,2
machine!585,1
WnlV^di!j#4q6bkx1#,2
neha777,0
python797,0
91bRIFQtZqiM5kaqFw,2
vikas5216,1
sneha375,0
machine,0
vikas27784,1
password123,0
X6ci&@&AScOMLUynn,2
1234569,0
Computer4202,1
developer$270,1
pooja709,0
Ankit@100,1
ankit567,0
1234565,0
learning40494,1
Rohit6217,1
rahul17580,1
Developer4450,1
Prashant8018,1
b1AJLz!nc%GvQ,2
database25287,1
Computer@883,1
%$yvuQCRdxx55HY,2
yD%G!oC9bR^@,2
learning22319,1
ankit13,0
1234563,0
Database3453,1
neha680,0
Technology@296,1
Mj9*PoCNLOPFuX@,2
computer42320,1
l#*^YnY1ZDFMx,2
ekmRHoW$wL76aTHojH,2
iloveyou,0
1234564,0
1234563,0
data,0
2QnQ&ttBgM!ZeR,2
50U3kvIBDMHmNW!,2
XA$tVvmKC8BRug%Ckk,2
Vikas@468,1
amit69911,1
python,0
Science8997,1
7hoRD7IcSIjiM&Opp,2
machine52180,1
machine39881,1
Q#B6dogES5JCloedN,2
GZept*TH6wZDm,2
python$457,1
1234567,0
learning,0
security,0
!Yk&1K%KjwktEKWe,2
pooja$159,1
secure730,0
technology906,0
1234569,0
Rohit6133,1
1234566,0
$F$TZfp32#R064,2
QDrN5RBAfDYjAqWc,2
learning,0
qwerty123,0
1234565,0
6KZosfG0RMPW,2
rahul29977,1
computer88465,1
qwerty,0
admin,0
Sneha8810,1
amit206,0
Sneha7729,1
1234562,0
science,0
developer#60,1
pooja11594,1
1234563,0
iloveyou,0
arjun203,0
data!300,1
data#920,1
welcome123,0
vikas79954,1
1234568,0
Vikas8572,1
database77,0
technology,0
Amit3893,1
secure,0
secure,0
dragon,0
qwerty123,0
india123,0
sneha97855,1
learning,0
letmein,0
1234561,0
prashant$99,1
sneha@586,1
1234565,0
1234560,0
data,0
12345678,0
secure!327,1
1234560,0
Sneha9625,1
Secure824,1
4*4QqXCuv%GLoDDyPg,2
123456,0
admin,0
Security@695,1
python@529,1
python,0
1234568,0
analytics747,0
Analytics3218,1
technology,0
ERa3qtU&eJiGE4,2
1234563,0
Database5519,1
1234563,0
Rohit@166,1
technology,0
machine102,0
1234567,0
Jca54j1hmdCo4,2
welcome,0
database@880,1
computer@846,1
qwerty,0
welcome123,0
Refxs8Ib^!V!%,2
secure46404,1
machine15489,1
$MjXDJK!7x!1ztaSV,2
sneha6,0
password,0
neha@717,1
LLCE@AoHbscDcg*,2
password,0
Database6132,1
Computer4144,1
Computer@963,1
1234568,0
YkD6kP$&d!Cs,2
Science@238,1
computer220,0
amit981,0
secure245,0
Cloud@371,1
HUgvEFpd#m#TJ,2
dPlGE%%w8C!IfHJ@l,2
izsLe0tjK0mDBSH4yF,2
python#783,1
python876,0
Arjun@67,1
sy21Ur&UnHna$,2
analytics282,0
neha!509,1
database,0
data101,0
1234565,0
technology907,0
cloud,0
machine35629,1
technology@111,1
1234568,0
developer@282,1
Rohit@382,1
security#163,1
sneha866,0
Rohit1017,1
technology@133,1
Database@840,1
rohit4161,1
analytics613,0
secure251,0
amit40,0
arjun596,0
rahul!121,1
nXsX^94CQogT7BMM0%,2
Cloud@311,1
arjun@883,1
abc123,0
qY*XD2!52DWXDVq,2
Analytics@28,1
1234563,0
vikas53,0
qa8b@9#&Zp%wV1i12,2
Python2813,1
secure862,0
1234565,0
technology$373,1
1234563,0
arjun272,0
Pooja@424,1
Prashant@464,1
Hh6dPM7tgr3IXPs0,2
Vikas9743,1
Rahul8867,1
machine483,0
Arjun771,1
ankit792,0
welcome123,0
neha671,0
qwerty,0
vikas806,0
vikas$337,1
C1MPdw0s$9V!thym,2
vikas2313,1
security,0
Python9835,1
qC8jhHMh@mnC2G2*,2
X&^7$O&dyms6,2
Pooja619,1
RBGx5gD7@zD$adGlG,2
learning,0
science35606,1
database,0
wyCH!^iDMvliK4K,2
Prashant@234,1
admin123,0
1234567,0
database409,0
Python3752,1
pooja534,0
Computer@410,1
Science3732,1
rahul933,0
india123,0
sneha32,0
c@vMye0r#6yJQpr,2
o4s&QQ*X@EpWft,2
amit#557,1
Database6432,1
Pooja5721,1
password123,0
technology#638,1
1234562,0
bIvBPxG5ZOTL,2
Python@340,1
fXgNE8$^*K*MJaYe,2
1234565,0
Python5668,1
1234568,0
amit21,0
prashant@587,1
TD*Nms5nCsVCF,2
letmein,0
data23649,1
database,0
Machine@368,1
Vikas1209,1
analytics695,0
learning,0
Cloud7331,1
Python@192,1
Cloud@87,1
vikas#214,1
admin123,0
analytics$559,1
prashant46250,1
Analytics3389,1
amit!714,1
ankit390,0
vikas#828,1
ankit12685,1
cloud68797,1
Sneha@430,1
arjun@265,1
admin123,0
computer74,0
KZcTYt5GVdU0T^vWk,2
Neha1562,1
arjun954,0
analytics,0
python,0
Secure@901,1
machine4491,1
Prashant@716,1
amit632,0
machine@514,1
security#182,1
jw&!0nr#s2nuJ7,2
Pooja9303,1
e0pw6SZlbLe28y,2
1234564,0
secure472,0
Technology@885,1
1234562,0
dragon,0
vikas385,0
1234563,0
sneha554,0
ankit884,0
NU*1CTUrLgRf,2
database814,0
Rahul@579,1
HB#kR^$FutV!h,2
12345678,0
database,0
YS3m9oUHyXliOECC,2
technology@299,1
analytics@450,1
IRY3inQSZj0aXNhV4,2
21dj8*uWmK8Dc5L,2
dt6@r@zbo2NYVtn8L,2
sneha#210,1
MCcY%JnMV7TS6z,2
iR258q^kS2kycqDu9Z,2
database,0
A5Y%7XU0L@n&k9T,2
1234569,0
sneha$333,1
welcome,0
Xx3119u6#EBw,2
science67,0
My1#jqff385u2,2
Science@608,1
Cloud@643,1
machine$37,1
computer,0
science,0
rohit53438,1
database,0
5NoMIrhk#aAKsaW,2
wi@dJ21^8dp!Xsp,2
science42,0
Amit3712,1
learning105,0
Vikas2691,1
idrmEcUdWEH!yL^,2
IYasH4Mb7MAN,2
machine#395,1
data53223,1
cloud118,0
Data@147,1
a6tW8eQjoC^&BhcIR,2
Y8xkFbIqelUh,2
security!793,1
Database@954,1
1234563,0
science13574,1
data,0
Cloud@958,1
wqrg!XJ*XiyvSRpLC,2
data287,0
1234560,0
Science7413,1
amit985,0
admin123,0
technology,0
cloud96386,1
H3&ji4skD9gx,2
data$943,1
dragon,0
1234560,0
rahul783,0
technology,0
123456,0
analytics$156,1
analytics,0
1234560,0
database470,0
security!630,1
VtVFiy^PNiCp6HG&Qp,2
GJvCAHGfwV#UQi,2
learning836,0
arjun681,0
technology806,0
arjun92491,1
Developer8192,1
Rahul@387,1
Amit1315,1
Secure@542,1
Neha@439,1
database630,0
python,0
xEdW2ibo9I%LuOuI07,2
database936,0
developer,0
AuIAQUoEyCi0VIzrF,2
security365,0
%y@89ugND@p#$Is,2
science$333,1
Database@233,1
computer,0
Machine@412,1
1234560,0
123456,0
user123,0
pooja643,0
p0gj*2inF3Ih0Q*,2
cloud304,0
technology,0
LiXCxv^OT0CD20a,2
1234567,0
1234568,0
rahul833,0
data!281,1
gQWrFBeG65Z$^RI,2
1234562,0
developer27975,1
password,0
arjun20867,1
Analytics775,1
banlrSrg!#n&@L,2
computer667,0
technology707,0
secure,0
Developer@179,1
Technology6350,1
tWnCVmVmMm*V,2
MhhN$ZQ3aGXVIIOW77,2
Database7029,1
123456,0
rahul495,0
12345678,0
CGwxd%rMkU76$8,2
prashant686,0
analytics102,0
1234568,0
computer22372,1
Learning9357,1
analytics@570,1
developer302,0
python,0
science,0
Neha808,1
a2zR%KQISaPxXSE9,2
1234560,0
YEOgTm^EJNdx6U,2
Developer@64,1
1234566,0
abc123,0
technology,0
cloud48118,1
india123,0
technology#514,1
rahul268,0
security26289,1
arjun128,0
8yde5@%mZ5b1X3$,2
zzl3Pe*BC&ix!r,2
Pooja@875,1
Computer@296,1
Arjun@906,1
database,0
letmein,0
amit37,0
arjun53251,1
PUUTgSm*l7WlMu,2
rahul@431,1
Vikas60,1
gwYJnzP9H^TZ,2
secure20671,1
sneha773,0
security54750,1
Computer4226,1
dddvGwcjq57W,2
data,0
ankit39777,1
#Kwl9w!GtjGhK8,2
lz39o3i1^L#jtXE^q,2
Pooja@323,1
1234560,0
fC$uJv*Ut@hL5DJ,2
Machine@835,1
Developer9336,1
prashant15,0
1234568,0
database575,0
python87137,1
prashant74,0
technology294,0
qwerty123,0
rohit285,0
secure185,0
Prashant@361,1
science6,0
vikas$387,1
Vj1YTQl4sXGt,2
python,0
security89508,1
technology,0
Science8975,1
1234560,0
Security321,1
e7*2QkCmn@c%6%jQ,2
developer$877,1
1234569,0
rahul#131,1
czVs%U7MhiRKk,2
Cloud6546,1
lkW!&!zI$hPoGZ05,2
Prashant@984,1
Cloud@106,1
1234566,0
7mCT7cfn2LSisv,2
sneha23825,1
qwerty123,0
cloud@765,1
security,0
1234569,0
computer94811,1
iloveyou,0
neha!256,1
Arjun3970,1
%AaZrH%p4gJ1!tMr5k,2
2B5%deI5sav^,2
vB4!a48eiOvMwIKF,2
password123,0
qwerty123,0
RHs@d$Bn$p*hE,2
computer60890,1
ankit354,0
Sneha@919,1
@J#M14H*tvyv,2
GvQbM0J7l!LrXU*,2
Mg03ktISdki3emuIon,2
iloveyou,0
Zu0xlWI8xcugWyiNie,2
JGBxTMaS3^XKs,2
Yp!wJ6r!Ai^!e3gNIX,2
secure750,0
vikas79,0
Vikas2437,1
rahul475,0
Arjun6242,1
Python@841,1
prashant871,0
rohit55537,1
technology834,0
python37722,1
Science@662,1
Machine6698,1
science,0
9I7OZ6T1JW2@WY4G,2
lCM$nYJbBvMsuo2GT,2
123456789,0
technology2729,1
pooja7917,1
Database1247,1
90TA6eeP6&BGl,2
security,0
security,0
123456789,0
PaymsmURTVwIi4,2
iloveyou,0
prashant112,0
rahul687,0
YjKIp8tj1RjN*,2
prashant886,0
science65700,1
amit559,0
Learning9578,1
rohit121,0
computer$398,1
prashant984,0
welcome123,0
python,0
KG5VCz2hd9L%nz,2
1234566,0
Data7269,1
Arjun@386,1
amit67357,1
welcome123,0
computer93070,1
^OXFX2Z4ymBZw%,2
Analytics@601,1
Cloud@91,1
vikas845,0
u4v$t&$pS1VWbL,2
secure313,0
science246,0
tIKqDPfZ*%NBF,2
CXdYs2z*sDorL8#8JT,2
database94929,1
security597,0
N%ow0LPK%q6@pSkpHo,2
1234562,0
secure,0
vikas@100,1
developer,0
Security@664,1
pooja24036,1
learning,0
analytics@812,1
welcome,0
rahul386,0
technology247,0
Qk3xHVtHeUU#7wDUi,2
$%OTuvt49exUKTOOK,2
rahul330,0
x#Z5EFUE6d2B,2
1234561,0
Database@203,1
security708,0
ankit#846,1
computer250,0
analytics848,0
Amit4234,1
0Q*Pxx#$8Xp5u7I1h,2
1234568,0
football,0
I4HRbc9g2IHg8jwP,2
python,0
admin123,0
1234560,0
1234566,0
sneha47185,1
learning$39,1
qwerty123,0
Xb2gRh1LdTml,2
wJcmLJf6cIz%y,2
Analytics@204,1
Science@376,1
123456,0
arjun580,0
sneha@879,1
P0d0IPZ$J4gBkV!2,2
Neha@998,1
sneha@15,1
Q6#HGhvDh98oNX,2
arjun@579,1
123456,0
football,0
python46,0
database,0
1234561,0
data1992,1
database@82,1
Database1460,1
database534,0
science32452,1
football,0
Neha3805,1
Computer2354,1
sneha463,0
vikas60584,1
python,0
fc@H38rD6%&kn^,2
mg4WePUO&7fGs,2
analytics62405,1
letmein,0
sneha220,0
U6otoZ3xXX%x,2
Analytics@546,1
learning299,0
1234568,0
EsjjDyeJMqm9PAM&S1,2
Database@329,1
welcome,0
Arjun6343,1
machine17,0
secure!445,1
developer786,0
qm@g###b4sJt,2
technology575,0
computer794,0
admin123,0
developer,0
Neha1114,1
rohit!156,1
1234561,0
rohit88281,1
Secure@800,1
Prashant@234,1
0AGlDceMEXsV,2
neha88582,1
arjun807,0
Cloud4609,1
database520,0
data588,0
Computer@802,1
123456,0
ankit771,0
Data4677,1
kqNiPuitkEB*6Acf,2
Python@173,1
Analytics@482,1
security142,0
cloud198,0
Neha4907,1
GOUtrVPLGqv$RjHl,2
abc123,0
science12,0
learning672,0
1234560,0
amit760,0
1234569,0
arjun494,0
india123,0
2cuc$t0#p*pIEAO%,2
Security8895,1
Ankit8606,1
Rahul@592,1
Rahul@172,1
WI$Idx8dsf!VGstH,2
elM7X*AZynQYT$W1,2
nIgFI&GRJPE16yw1y,2
admin123,0
Database@427,1
Arjun6955,1
S8pg9fXomGbwvBR1b,2
database44874,1
UcMKB3cI&$K&Yi&n@K,2
prashant58827,1
pooja84273,1
database882,0
developer58355,1
Cloud@708,1
learning15444,1
analytics@710,1
Pooja@239,1
admin123,0
arjun865,0
technology533,0
Amit8988,1
machine!102,1
Amit@178,1
secure579,0
Science9016,1
science99313,1
r71CIAH3DV5n&^Z&,2
analytics293,0
1234567,0
vikas553,0
python,0
developer@613,1
Arjun@704,1
0kBYIytFVeZFq#65,2
Learning4270,1
Secure@983,1
rahul$743,1
arjun76013,1
Sneha535,1
&xc@$EF%jbnyZqJ,2
security810,0
Technology@905,1
Vikas@751,1
1234568,0
Amit@780,1
rohit24721,1
amit678,0
Computer8256,1
1234568,0
python$334,1
neha240,0
1234569,0
data154,0
python243,0
hX&Nb0JsDUPU,2
monkey,0
qMIpCfXma$VO!,2
computer261,0
science15299,1
1234562,0
python4343,1
1234562,0
Amit@201,1
qwerty,0
Data@788,1
security,0
secure,0
python640,0
&l!0EcnnnSJAo35gkL,2
developer141,0
Arjun5710,1
arjun193,0
database@634,1
database,0
vikas!911,1
Data@847,1
security,0
admin,0
arjun$897,1
3oxhrs*SKfIbsZl2X%,2
learning14143,1
python638,0
neha849,0
Ankit@931,1
Machine7563,1
vikas526,0
database26156,1
rohit428,0
1234560,0
Vikas@668,1
Pooja8588,1
ankit#90,1
Vikas4002,1
Machine4938,1
JOUIlx^Ajm5KLI,2
data,0
Lt40CaJPRcM4&WK,2
iloveyou,0
Neha2644,1
KWuFnk3WVVXC2Cag,2
Arjun@337,1
Machine@692,1
neha$755,1
1234563,0
Secure6048,1
Science@436,1
technology@259,1
Learning8345,1
1234566,0
rohit288,0
Machine@625,1
1234567,0
prashant83686,1
1234567,0
Rohit@56,1
Python@963,1
pooja!652,1
developer808,0
football,0
secure134,0
security@99,1
pooja766,0
Wf!u@@uy0V50,2
admin123,0
developer21502,1
vikas723,0
Vikas@99,1
x2mM^jdR9$jFA%c!b,2
admin,0
Computer@864,1
learning395,0
xNU1lifyb*4T^XB,2
dHhLImXjYZmzaYzPK,2
y1lbL$c$aO9H%!,2
Amit@879,1
#6iB&s6DRKHIR,2
cR4zhpPqYjJT4%vLV,2
Rahul3750,1
analytics633,0
1234563,0
Technology@265,1
python16006,1
Computer@167,1
Security@278,1
Data@920,1
iC&2aW#x^5r$5,2
ankit379,0
machine719,0
developer588,0
developer85458,1
Database@426,1
Computer4038,1
amit702,0
computer516,0
computer,0
1234562,0
^bJrLQmj3^Cuji,2
analytics#550,1
1234566,0
database500,0
technology506,0
analytics87989,1
Arjun@299,1
developer#658,1
Security1607,1
machine78392,1
12345678,0
database#794,1
rahul#195,1
machine,0
MzB$bUB0DG4kX@#fG,2
Sneha@362,1
1234564,0
1234565,0
science,0
X%ZGWiJkXP@iHn@,2
5NpdPZ0yq0wJ2BexR,2
ankit@353,1
1Y6B2dCsmovJP2k,2
Developer@601,1
neha68,0
1234568,0
science,0
bvzC$cJ5Ft!xqIy,2
learning!115,1
letmein,0
jpI447pXzoOz^g,2
Zs7$Yol%ivDJIeq3f$,2
developer765,0
Sneha@671,1
uaMUGw#@X7R35O,2
developer,0
rohit689,0
Computer@996,1
1234564,0
sd%Lr7DTnqlO,2
Arjun@846,1
u3kvbOs$5depgWuK2V,2
data,0
analytics55374,1
secure376,0
Python3117,1
neha995,0
qR5GA6ln8jSZni8*,2
football,0
ankit16672,1
7%Ih#7iU9kSZw,2
password,0
Lf3Q3%Rehy4a*1iM2A,2
gs6LwB8#y52r,2
python995,0
1234562,0
abc123,0
secure733,0
Analytics520,1
1234568,0
Computer@80,1
2F@K5^%^sMQp%,2
Ankit1858,1
secure18055,1
6ONlA^8gVOKKd,2
vikas64739,1
science!841,1
qwerty,0
Science@480,1
secure,0
Rohit@153,1
1234566,0
computer#290,1
machine,0
vikas167,0
Vikas8381,1
cloud,0
football,0
1234567,0
analytics,0
Data112,1
Arjun@633,1
secure620,0
admin,0
Data300,1
Science5962,1
rohit#494,1
Arjun@812,1
data40185,1
EX7af6Gn1r!T!m**,2
Security@713,1
Ankit@106,1
rahul38,0
cloud431,0
computer,0
1234562,0
Computer@14,1
tgDjSnuv3O^k47wxS7,2
2D1^nqCcPCtPr,2
Python677,1
admin,0
secure641,0
Secure@89,1
Security781,1
security,0
123456,0
python171,0
Python8550,1
science572,0
mKE@nleJVoMpGW&#,2
computer,0
L*ERiu7QD1xM8,2
hTxDyN8Rbi9yT1yW,2
Python6057,1
login,0
prashant62912,1
Data965,1
Security@31,1
1234565,0
ankit$963,1
cloud,0
Learning5165,1
machine#297,1
ZZw1BSm%nD&Dy,2
vikas11412,1
u7786lyV&0pYchkAn,2
python821,0
7^vEhh58sOMgga1xQd,2
I0XYaQa1%dxUVu#%6z,2
Sneha9163,1
Science9537,1
arjun@205,1
4DebQCyhouQp^2K5c,2
amit98105,1
analytics,0
science!233,1
rahul11,0
3&shksesnOsZw,2
analytics,0
Science@916,1
machine,0
HsApSnobk@$zkDQ,2
data@719,1
science54674,1
technology56175,1
learning60080,1
9&u1IhzIINAJ,2
1234565,0
h$65n!O3WFO!,2
y#i&2%zuhb7A,2
YQLD4anpqYw^6rrH4,2
data$495,1
database640,0
python936,0
security138,0
secure,0
Database8885,1
machine,0
rahul10656,1
Pooja@880,1
neha486,0
1234563,0
arjun164,0
sneha830,0
Cloud@426,1
s@A289JL!yvLQ5,2
1234566,0
Rohit@713,1
qwerty,0
neha38570,1
BwI@fbNvVPI8ovg,2
1234560,0
1234569,0
sneha52347,1
1234561,0
Vikas@597,1
user123,0
database277,0
1234563,0
rohit!788,1
1234561,0
python$76,1
1234569,0
pooja99998,1
Python138,1
Neha3911,1
sneha25,0
1234563,0
india123,0
Jfh@GCsXv&GBvC!,2
python42872,1
JsK9wru2K9t#FF,2
amit163,0
1234565,0
1234560,0
k$ksKsJov3CT@Vur$$,2
machine,0
edwD044&VkJSRINK,2
machine79703,1
secure74682,1
science,0
sneha65563,1
jnXQBos1GSWW4,2
prashant!850,1
vikas662,0
data,0
12345678,0
admin123,0
rahul86,0
1234566,0
rahul$26,1
ankit@954,1
Rahul@599,1
klcq^NA^yObFs4VyqX,2
#YyqhkFbYPzzvE,2
YjmWWNojRlXLG0Qsy,2
V8t3cg^baK6azxu,2
python70237,1
zI6FpcUB%^Cm,2
rahul319,0
1234560,0
secure82761,1
123456789,0
python#586,1
machine449,0
Arjun@43,1
computer79227,1
abc123,0
rohit#23,1
secure@806,1
Python@289,1
k@KB1bjYk3$8X,2
data156,0
Ankit4291,1
python28751,1
4%qwADR^2rBJsq,2
welcome,0
sneha!381,1
learning!755,1
neha128,0
1234568,0
python446,0
technology@855,1
LSon522osJ!WP6W,2
Machine7019,1
1234566,0
Vikas@350,1
technology39592,1
prashant197,0
Security@250,1
ankit430,0
analytics138,0
Neha9031,1
science206,0
Neha300,1
Computer@524,1
Learning170,1
gXzj&UKJ*g3X,2
Technology4448,1
learning!145,1
developer26812,1
science569,0
hda^RISh0AR8ZEA,2
oxyPMyB3fYtaA@0hqe,2
python@931,1
ankit$864,1
cloud!285,1
Cloud736,1
JyJIiXkUfx4t1wrP,2
Learning@912,1
sneha!454,1
cloud597,0
vikas224,0
Computer4785,1
Arjun@192,1
Database@424,1
Science5388,1
Pooja1800,1
Vikas9637,1
Cloud8901,1
cloud92236,1
ankit!329,1
iloveyou,0
1234567,0
Vikas@825,1
dkZRYisN30rQ0Si,2
1234562,0
pooja929,0
1234567,0
Science@993,1
JIWDRefr5rl5,2
1234562,0
1234561,0
abc123,0
welcome,0
RqnE*RurvBpiN,2
secure495,0
1234568,0
rohit18,0
NFv$JSjqA&6%$I,2
secure,0
1Jw4Baavgm&!h1*,2
cloud82,0
computer554,0
qwerty,0
rohit!451,1
Sneha@352,1
admin123,0
Data@830,1
india123,0
Science@426,1
12345678,0
data,0
ankit!427,1
12345678,0
1234567,0
Technology5279,1
Q9vfyHiD*1Oj7X,2
arjun@826,1
database,0
CpupUjfdnw^xI%3mB,2
developer27,0
data,0
$8UWC%MPFPJY*,2
india123,0
analytics799,0
database552,0
ankit29078,1
Data@867,1
Database7353,1
computer,0
dragon,0
machine,0
india123,0
1234564,0
1234562,0
1234568,0
1234563,0
science5749,1
oNqhhMfp49Hmw$,2
1234560,0
Vikas@709,1
j1CM6571s8IX,2
Pooja3433,1
Ankit2887,1
1234562,0
analytics$965,1
letmein,0
1234565,0
rohit42906,1
python895,0
pooja513,0
eL3a%LX4Me8rK^fn$,2
Pooja9921,1
GkOu!5njTu@Pb7A2kE,2
ankit59,0
developer98,0
knkBd8D1XlZ6o434,2
WwZW!mIi3*w0,2
neha6379,1
123456789,0
science!631,1
technology,0
tHs3!%1l5#JbPM*S,2
1234566,0
analytics#282,1
science@787,1
msT#DBj!B1#1IupOik,2
1234562,0
sneha323,0
B!27Du1Nu3154Bdl,2
Secure@684,1
rahul948,0
technology#544,1
science82,0
Technology@167,1
Science3324,1
developer74,0
neha@666,1
science,0
computer25227,1
Ankit4500,1
Vikas@984,1
HT^9gsBc8ifQWNfc0,2
Machine@547,1
welcome,0
sneha#513,1
machine50310,1
arjun817,0
Vikas@794,1
Learning1308,1
security931,0
u1WrMDJm7*iM%f&X,2
sneha51065,1
learning,0
developer@741,1
rohit#325,1
1234563,0
rahul553,0
DOP9mKx7eBkkxitQQD,2
computer!178,1
Technology@56,1
rahul99624,1
QMiijpqdlTetWlQV,2
Secure@466,1
1234568,0
Rahul4765,1
Pooja5258,1
LXJmz!snnqvAjM,2
ankit@435,1
wOVI*R5Qx0S!,2
data,0
123456789,0
rahul731,0
P3lyWlPnbaA@Hsptb,2
$Xeg@7P5lUUQXry,2
K@1N0iKR6$VaRpdOh,2
technology@409,1
welcome123,0
eEDauJ099115a2L,2
password123,0
sneha74834,1
welcome,0
admin123,0
password123,0
Ankit@234,1
cloud440,0
Ax#ZAWDGkiUrT1,2
Science@970,1
1234566,0
database37167,1
secure54266,1
learning,0
security361,0
analytics93759,1
neha136,0
pooja$50,1
india123,0
arjun439,0
pooja@19,1
technology@486,1
pooja260,0
Ui3dzotikMHqy*kNQJ,2
database,0
developer21345,1
data999,0
developer#700,1
science,0
Computer8542,1
Rahul947,1
C2*5fi8sjVl&H7KH,2
rahul326,0
data227,0
welcome,0
science,0
PxytOz88Lxu04iWK,2
ESpKTKZrXfPRD#,2
Database5741,1
hCI86GJSQBnpiCg&,2
123456789,0
rahul!787,1
1234569,0
1234562,0
1234569,0
&9jbTG%LeJFgh*W00,2
amit42229,1
secure32670,1
Developer@367,1
Database@25,1
analytics616,0
1234566,0
cloud617,0
Secure7417,1
developer,0
uqs9qN$PCi@$Q#8#,2
computer@563,1
vikas58568,1
sneha$969,1
1234561,0
GZVelxyR9^swzI7e,2
Ng3tWsVDYNNjI,2
8!4LRJp#&DW$a*^^hy,2
password,0
database17984,1
xSPrPddyg*7z,2
rahul$996,1
1234565,0
amit41,0
S^27ICXcL#^%EEYro4,2
cloud#741,1
1234566,0
Data@609,1
science,0
ankit$313,1
technology102,0
Pooja@135,1
Amit9064,1
Vikas2385,1
sneha69390,1
science113,0
analytics144,0
ankit122,0
dragon,0
learning21,0
data847,0
developer877,0
iloveyou,0
sneha625,0
qwerty123,0
xVZEklLcvmSAg$bKh,2
pooja74,0
FFqCJVGrsAk9@%oX,2
analytics426,0
Prashant@444,1
iloveyou,0
Security@396,1
pooja982,0
technology,0
database#843,1
analytics@233,1
%ExCvFW44dVAMsTi@h,2
qwerty123,0
Database5746,1
pAbnZl%dNinxiqX,2
password123,0
1234566,0
prashant4307,1
1234564,0
secure,0
Machine@512,1
rahul69375,1
123456789,0
mP&1azuXzGzgt3ucK,2
GcoSsi5A*ogi%,2
EAxK9mRuRZ8Dhyn,2
Neha@869,1
e6ELDkcT5BJY%3,2
Learning@495,1
Secure@653,1
Rohit7468,1
vikas!577,1
analytics94659,1
arjun481,0
GjiVCant@h4yXZ,2
technology909,0
machine596,0
database60442,1
Tr3SUQ4R40$po,2
security,0
analytics#30,1
computer$171,1
1234565,0
rohit200,0
123456789,0
1234561,0
Amit@566,1
Computer4549,1
technology,0
developer,0
lzo7CqDyPnQg1ryFN,2
cloud99068,1
amit457,0
Amit@862,1
#iK%&bPQiSR0!JZMr,2
cloud,0
python69674,1
fI*nsLI42Bz6!E$cG,2
python!213,1
cloud!765,1
7cQ65Bmc#gw!iD2v,2
welcome123,0
1234568,0
Pooja1124,1
cloud11461,1
data74063,1
Neha@85,1
1234564,0
python788,0
DITZTjCd8vX6MPFC,2
qOk4dx9mOxr5E9u,2
iloveyou,0
science74670,1
Amit@529,1
neha13,0
machine10369,1
Rohit6480,1
machine,0
123456,0
security350,0
analytics!36,1
ZSuyugMrcKusJ7bHu,2
#OgjzZ9rLRcEsg,2
database,0
data,0
Machine3609,1
vikas502,0
rohit$921,1
1234569,0
Pooja@579,1
@HsZ#bp5Thm7,2
database60170,1
analytics196,0
cloud97719,1
1234561,0
Python@425,1
Machine628,1
technology,0
1234562,0
cloud!841,1
data103,0
amit620,0
Secure@107,1
Machine@185,1
Database5136,1
database!929,1
developer17712,1
rohit959,0
arjun87154,1
&8hx3dhTrh2od^Kn,2
database508,0
computer$206,1
computer@129,1
8uv$cICYl4LxBg,2
lk%g&n8MOQq5Oz@,2
ankit952,0
security!80,1
!8gFDjC2HcF3P,2
data70165,1
cloud,0
cloud#303,1
database,0
machine3920,1
arjun379,0
secure#787,1
secure$180,1
Pooja@911,1
data,0
computer35583,1
amit747,0
secure99951,1
Developer4917,1
letmein,0
1234562,0
Rohit5203,1
Computer5082,1
developer,0
qwerty,0
rahul@23,1
database$784,1
Amit@221,1
prashant@247,1
0F52pxaHT@@09Gh,2
Pooja5721,1
plSV2Rws6pyZsHbI3,2
rohit29674,1
gt7XuXznHlDOey,2
^OkMjwcijdX@!D1,2
wE6N71poQR&K9y,2
Mba%ojhTslvHc9209%,2
vikas$788,1
database32912,1
learning848,0
cloud$464,1
machine,0
Data2709,1
machine,0
cloud,0
Machine@901,1
Database8982,1
eyJmpYz&1jelb^z,2
technology955,0
fP0e$&0yKkXr,2
nHH4KXdU@vFvi*,2
neha493,0
DyPWqIoSk7ZEm*w7,2
U0$8X6z7UX&%e%P,2
03SspWBM^8WI%dpgQ,2
technology,0
rohit150,0
neha84347,1
secure23682,1
technology$46,1
1234567,0
1234560,0
rahul50319,1
database945,0
arjun!93,1
data24,0
qwerty,0
Cq5FCJcQ&YFOL3xF,2
data596,0
analytics3251,1
rahul28637,1
bxC8h0czjKi6,2
pooja116,0
GRJ4SkRuE^R4,2
technology912,0
admin,0
EnENYNLDbkQD,2
science709,0
Python@188,1
CXMQhFghX7izK0fW,2
python,0
Secure6770,1
ankit$162,1
sneha$572,1
monkey,0
$AnY#rz@VFMr,2
pooja416,0
security60042,1
*aVFeyYpbcI3cQnacm,2
Raf8vYI1s5n16SqbU,2
QHkV@uE@HxG7K,2
python,0
N2Pl&L2VWBoYdAx,2
$H&9Mn@q3CTr%r#b^,2
prashant320,0
Secure659,1
security!565,1
OEHW@a4#Qe3jX,2
1234568,0
%l3xY2Z$8IruED^KM,2
Technology@481,1
Data@808,1
Sneha1174,1
learning91098,1
12345678,0
Neha1712,1
Secure@487,1
cloud,0
technology,0
science66879,1
u&*jo23K8uI^Ft,2
Pooja5279,1
sneha361,0
Database9054,1
oYGX4S3rxN60%e8,2
sneha679,0
ankit429,0
cloud,0
I7x@rNTP!X&@Oi,2
ankit542,0
Computer@40,1
Science5981,1
IQUYkHe66Nk$Kn,2
cloud,0
1234566,0
Computer976,1
JRCq3lZj7GCJSuv,2
Vikas@539,1
rohit$958,1
password,0
Rahul@951,1
technology557,0
arjun563,0
technology,0
Python7218,1
Amit2495,1
python,0
technology272,0
8uIr7S#kIdWPhQ*bV,2
1234565,0
Ankit@356,1
learning304,0
Esr^i9lexs*pIhBz,2
neha@226,1
Ankit@536,1
*0!^mA#sDnm0,2
vikas89016,1
1234562,0
learning906,0
Prashant@43,1
1234566,0
ankit891,0
prashant908,0
1234562,0
Arjun7324,1
Gt1Onp&Q#hwaxBlPvm,2
0itNthoMDP8C,2
security483,0
computer,0
Rahul@709,1
Cloud@452,1
Amit1652,1
Uum58x3qtxDK09n*,2
developer10731,1
machine$413,1
Sneha@15,1
Arjun@609,1
d4lsJgG8WTtdSWw,2
1234568,0
python,0
WhZed6Oh66Rsu,2
computer,0
$zbiZz3#Iq2E,2
machine,0
pooja48687,1
o#GoM7WxE$euY!h,2
0i279l0Jj%pH1g,2
arjun76841,1
computer20284,1
$ajBM!tf3!F&2X9,2
data$846,1
Cloud@898,1
kMD*E4OaRCbyBWen,2
rahul15660,1
Python3955,1
science,0
Sneha@805,1
data,0
!4VM5xv7gktGW,2
database64451,1
science#131,1
1234560,0
monkey,0
developer992,0
QE*HORMu7rJI4S,2
india123,0
1234567,0
machine391,0
Cloud6227,1
Database5527,1
letmein,0
hg1ZdT299xny3cf&I,2
1234563,0
@^rF2ob@^5vim,2
Computer@686,1
arjun43,0
1234560,0
arjun461,0
password123,0
^bhPxHsCqTSHzzG,2
AwkwMzasQ$zFc,2
1234566,0
sneha971,0
1234567,0
computer,0
learning,0
Amit4878,1
rahul204,0
Computer7887,1
Python3625,1
Analytics@782,1
sneha55067,1
admin,0
1234569,0
rohit652,0
bc!QkiaxEHb0T1,2
Ankit@656,1
^l4iAeCusLMwvnB*L,2
qwerty123,0
password123,0
science,0
xdvd5TtgcwPTYBk,2
a3uCoIE^9KMD@Fa,2
analytics@976,1
analytics5585,1
science622,0
Developer9010,1
secure#804,1
iNFiMdnE^8NuVE,2
1234562,0
cloud92484,1
x*QtitggKlZI,2
UlVTZH*9eyrp%7bEUf,2
%JvDUHbri0*f2iDRXA,2
secure36431,1
learning#691,1
Secure3762,1
secure37772,1
Python@623,1
Science7379,1
Vikas8208,1
vikas41281,1
Cloud2524,1
1234564,0
learning773,0
$ch*&mK^M*NXQHji,2
machine422,0
Fxp8uOsj034%,2
security441,0
neha$239,1
^SQ4ok%9qK%o^4c,2
computer$277,1
1234566,0
pooja68,0
Machine786,1
1234564,0
vikas24804,1
neha615,0
1234565,0
technology,0
1234560,0
Arjun9908,1
technology,0
r*yKKt%FTr4h1b59jJ,2
9YLsDYn@fEqNwxDKi6,2
Neha2499,1
python#331,1
technology484,0
vikas689,0
python36528,1
123456,0
amit#925,1
computer,0
Sneha@28,1
neha1689,1
DX!Nvi^8jjz0DS,2
computer31465,1
Python@819,1
amit!295,1
lcEfAC8oZj$Qau7Z4,2
cloud,0
Prashant6984,1
Neha@32,1
1234560,0
Rn4NHMLjF^*qO*xFSR,2
science549,0
machine,0
login,0
technology361,0
science#536,1
o3h9ECsnhxgfnoJ,2
^roWSc$J7y%CXGYb1,2
1234563,0
amit566,0
computer$149,1
welcome123,0
&4tf0ZU4@Z!7*#8pyb,2
G#A@qafY2BqQ2$*WT,2
machine@420,1
iloveyou,0
qwerty123,0
computer71894,1
rahul11,0
Arjun@714,1
secure938,0
B5Xdm%zxT9$pXT,2
rohit268,0
Python4274,1
Arjun@639,1
$k$LExJNU@NDNxOT,2
rohit571,0
C#ung3t&WSrmff6CRe,2
qwerty123,0
Machine@531,1
1234568,0
P4AC!IvZa*TTfr,2
security77926,1
Computer9374,1
security@455,1
#A8yXCgmSx89z7K*,2
1234568,0
python,0
1234565,0
Amit2509,1
cloud980,0
ankit44,0
Cloud@294,1
iloveyou,0
WT#OjcqiKZPH&nAw,2
password,0
machine947,0
cM7ebZxrPfj5@Q,2
7K*ewzC0cNJ!,2
cloud745,0
Pq8AFjmuP#urk$&,2
Cloud@985,1
developer10243,1
cloud#630,1
CpOfr6LEFomWTJ,2
Neha4614,1
Oq@Q#Yh5uThyyCcsg,2
Ankit@23,1
security#596,1
5OtCsWWkeAtop^,2
security42883,1
learning32751,1
x0L@!c8cBLRWwj,2
Database5425,1
neha#786,1
Neha@688,1
neha#746,1
ssMh#%X2Zjn^4hb4I,2
bb1lfteyoVV377Oxo0,2
data,0
Cloud7392,1
Database@558,1
database,0
prashant166,0
cloud14915,1
rohit780,0
machine,0
cloud,0
Rahul@36,1
admin123,0
database37,0
python370,0
arjun32194,1
Analytics438,1
yeB^4JuYBKaT,2
rohit#868,1
Cuxjiu#aik78dk^x,2
prashant#424,1
4Y3ptk5!KHNnSW,2
Prashant@980,1
xL&jBs&o#bmxUT#I,2
Learning@342,1
monkey,0
database381,0
Python@452,1
science541,0
science77914,1
Analytics@43,1
amit847,0
computer,0
developer,0
qwerty,0
security,0
india123,0
ankit$158,1
amit@128,1
Or93Lu$GXOptZi!T*Z,2
5KuggCpYpfr$k,2
secure21,0
8D8M$gVrp7aqf@E9h,2
python,0
g59oY@3!GiZX,2
1234568,0
Sneha@691,1
developer,0
pooja573,0
learning$441,1
12345678,0
ankit!164,1
0%VdYBMP^R1!,2
data38871,1
vikas40679,1
Pooja3037,1
secure11759,1
security71014,1
developer280,0
Secure6774,1
pooja962,0
rahul26,0
ankit@638,1
Ankit@895,1
1234565,0
Analytics9160,1
Machine@412,1
Rahul1679,1
rohit16262,1
secure73938,1
1234566,0
Computer@614,1
Prashant2429,1
r@6jMadKWGg^@*m8E3,2
analytics,0
Security1884,1
developer,0
Sneha9217,1
neha591,0
1234569,0
secure!113,1
Cloud@668,1
python614,0
technology,0
computer189,0
SNRxjfvY8pxO,2
JbL@1h#Fd4FQJ1gb!6,2
python#786,1
Developer@165,1
FG&#WON0*haqw,2
india123,0
arjun#589,1
ankit131,0
EKE8cE7RxY1$V9TDi,2
sneha14594,1
1234563,0
^np6ttRpwP9N%p,2
computer!662,1
learning,0
developer5602,1
Ygh!HBRaZm!6xA$re6,2
data$357,1
obFxhruHam!CukO,2
PNAisH0!GbaKaMF5m,2
data77524,1
Python6763,1
data5774,1
1234561,0
computer498,0
database564,0
machine13250,1
learning101,0
learning,0
Amit@145,1
Data@65,1
6*c@#Lm6$18CB3C,2
Q!xdqgAOuphM*m,2
1234568,0
1234564,0
learning,0
!ofJm7YxQnaFa,2
ankit860,0
7Zqoo^c3eJF#knM$s,2
vikas830,0
machine!80,1
Machine@851,1
learning70058,1
analytics45330,1
vikas238,0
computer249,0
rohit748,0
1Ov44za*8rGb,2
technology,0
cloud$695,1
database$771,1
analytics@218,1
learning39362,1
1234563,0
1234562,0
secure379,0
1234566,0
ankit#29,1
Machine@881,1
science87911,1
1234564,0
security336,0
Sneha2818,1
dragon,0
machine955,0
C3GWMMrtoZ0%,2
v#3!6DL#O3yU8qqzkO,2
1234564,0
welcome123,0
Machine@378,1
Rohit3861,1
science173,0
computer732,0
EtrVhnVU5DuwsxFrZ,2
1234566,0
AvhkrItANye1k%IQ,2
vikas19831,1
1234564,0
rohit11420,1
user123,0
amit847,0
vikas296,0
data#899,1
Arjun6091,1
HRrlMoUk80F$0ld,2
MbChysTCVPQUz5,2
computer,0
vikas178,0
17g5lfXcmkDaCruBuF,2
Vikas@213,1
Computer7050,1
abc123,0
analytics#607,1
machine,0
HB2gWg6ykaSmTd6ih^,2
database,0
amit641,0
VEItJQbkOv&bg,2
developer#467,1
BxIZZIv%3z^0$bnx,2
Technology9351,1
computer,0
Nsw*l$ytRUkuWY,2
9&x4u6xoE3cY,2
Cloud2768,1
Database796,1
Arjun172,1
rahul88141,1
Rohit7879,1
prashant@54,1
Machine@553,1
IFbjtqXMpPFPGzp#8,2
letmein,0
secure82382,1
cloud!920,1
Neha3270,1
secure@532,1
machine19378,1
1234563,0
12345678,0
Developer@534,1
123456789,0
dP$Fb5YdLWzOc@8Dn,2
&RE76UEBSGfOFyvIFz,2
Cloud@778,1
data332,0
cloud848,0
machine$840,1
W$vY#TOos9gmn^A1h,2
Analytics@815,1
Rahul5528,1
Security@999,1
cloud40963,1
letmein,0
security,0
1234560,0
1234561,0
Secure@308,1
database21790,1
ankit47799,1
letmein,0
machine447,0
rahul!145,1
Analytics@359,1
pooja95843,1
Technology@103,1
science996,0
learning599,0
Pooja@474,1
prashant799,0
developer586,0
Arjun@316,1
analytics36859,1
machine#60,1
6taYI6NaRVcC8Ob,2
security,0
amit@247,1
1234566,0
rahul20862,1
hOK8k@4Gm2^2!KJ^Yp,2
Science@27,1
letmein,0
iloveyou,0
neha228,0
data21315,1
1234560,0
analytics!563,1
computer@752,1
computer,0
Arjun8414,1
secure71257,1
security,0
Secure@331,1
DbwTnS7oYiRM,2
Prashant@621,1
Science8963,1
qwerty123,0
Rahul@307,1
&PM60wa2DK$X!B,2
Cloud3041,1
Developer3293,1
Security@381,1
$Qcp*xblbnhvWFfbnd,2
Analytics9306,1
india123,0
7w!gyHOhV*#vfvGGZK,2
data333,0
$CbNqnJPA$uzEvlBe,2
amit563,0
abc123,0
computer,0
Secure@581,1
Computer@967,1
pooja@353,1
welcome,0
1234566,0
Database4275,1
computer,0
secure,0
analytics!205,1
1234567,0
tnh*f45*V#Pkw,2
tp732hD&EH!^3t0J,2
data!78,1
welcome123,0
Ankit@984,1
monkey,0
analytics966,0
technology#54,1
prashant23000,1
Neha@86,1
h4iqU9Ppn6jGLdy,2
security60801,1
rahul128,0
Pooja@145,1
Python8418,1
admin,0
amit320,0
data,0
mkU9lzX4%RF4s*hX,2
india123,0
Sneha3058,1
data,0
admin123,0
x&^vmHSN7fOKFAwltP,2
TLysJLBxwh7$odQdI,2
prashant416,0
neha49785,1
iOBKBU29KjSKaM,2
science37291,1
Ankit@542,1
1234560,0
science85603,1
1234567,0
prashant@216,1
#Oe5dN6VSuzbFAOcn,2
admin,0
1234565,0
123456789,0
1234568,0
python54368,1
Technology1548,1
arjun$21,1
tl9NH!c9GQwrLH*4,2
analytics!58,1
neha$343,1
neha130,0
Machine@974,1
1234565,0
iZFrMAzOb&Tloq7H$,2
database,0
1234565,0
ysi7IZVYA^sV0fu^,2
sneha$741,1
C#ocqf*@New&,2
D1QcfFic&O6uO^Is,2
password,0
Rohit@408,1
analytics!101,1
4t4Fw#VV@78I,2
a%Uvx^1l^q4s0a,2
learning@796,1
secure#117,1
Z#fHv^&!$uP^Y4tLp,2
KpU8i83vZW7w&r,2
Rohit7023,1
Rahul@611,1
password123,0
EnUFfP$WVH*AD#f2,2
Science@514,1
database337,0
Science7416,1
S%WnFDJ8HUfgMNi,2
Thb2eyb@%NEWDJ^ZkP,2
learning67942,1
Cloud@412,1
sneha17,0
python519,0
developer172,0
1IZ@cR@MvaSeh&e,2
data429,0
1234566,0
afgNuFt00CJSZNR,2
rahul721,0
pooja17485,1
Pqd80HFRBtU1p$z8f,2
welcome123,0
Rahul@303,1
I9k2C1m@PWvZ&iHoUQ,2
123456,0
dragon,0
qwerty,0
ARQ5el1dm2lVMvSF,2
Secure@470,1
machine,0
cloud2576,1
oQN2yb#E99rRo,2
DyQFMkewXC*1KCVL,2
Neha@468,1
database70908,1
Cloud@466,1
machine69967,1
4T%5W^f7ifTpD,2
pooja597,0
1234565,0
security@679,1
1234569,0
analytics370,0
login,0
Machine@136,1
Data8647,1
science350,0
science84260,1
Pooja5021,1
secure,0
#jLZm7v8dkoA$,2
qo!q*FZa3W2&#IG,2
KFl5yzrqd0wJd7u,2
machine45023,1
sneha762,0
welcome123,0
Python9172,1
1234566,0
python,0
data72314,1
ehsiB2lBvAtB#4J,2
Learning1564,1
ankit$961,1
machine$48,1
science85636,1
123456,0
pooja753,0
data,0
developer#414,1
Machine@343,1
learning75555,1
Developer8223,1
ikUNH5VbL2VBGv,2
machine20751,1
1234564,0
database844,0
1234568,0
technology$866,1
rohit844,0
vikas#848,1
4ukH%Z&vETSp,2
Science@908,1
Rahul7189,1
w!q@J3bfkplU,2
Rahul@133,1
R6yC%msGcnK!ZX,2
JH3lQndoMOv4n6z,2
amit690,0
4Payja0n9CRS!p994u,2
pooja296,0
Neha@992,1
pooja19248,1
secure$119,1
z@OcnNpfv@dEYJZT,2
technology98201,1
Security@926,1
Computer5327,1
1234564,0
neha@594,1
I5oZZPkKMHTcCwzptH,2
oGu!HqQ#nUWPMQ*t9,2
1234568,0
india123,0
amit$30,1
Cloud@516,1
football,0
8BD%PtwO@dsZ@,2
security,0
rohit95816,1
Analytics9985,1
secure246,0
u$yA0jR4n8Abg,2
1234565,0
!N%t*6O&Aym*Fcq,2
1234560,0
prashant875,0
K8Dlib#qhL%o0mi,2
developer703,0
machine778,0
user123,0
pooja630,0
computer$454,1
user123,0
machine,0
rohit99544,1
password,0
machine,0
wJmBBT17sd8icnI9,2
1234568,0
Ankit178,1
machine78753,1
computer,0
vikas273,0
neha24991,1
fiYZVnUi7H!4uFKA3,2
sneha#657,1
Sneha@256,1
amit93136,1
technology5940,1
1234566,0
1234562,0
HR!WEGBF@iwF,2
analytics@966,1
Sneha1020,1
1234566,0
IlhQRW!vHq5Jq,2
monkey,0
arjun#911,1
ankit58840,1
developer@873,1
1234568,0
Vikas223,1
voYfvPFEHLioavwe,2
vikas138,0
1234569,0
security33075,1
technology,0
rohit275,0
Science7927,1
developer@266,1
Pooja422,1
database,0
python@802,1
6v!uQB^y!LOC4,2
Python@200,1
&S1Lzsb0QDps,2
Amit3923,1
Sneha@355,1
QIpBrD3Wj1xVxCei7,2
secure,0
secure20082,1
arjun!670,1
science$728,1
neha298,0
1234566,0
Science@765,1
cloud64297,1
xhgbeBblohggwvoaz*,2
$nQoLn7#u2UKhkY,2
security,0
football,0
Arjun4967,1
Ankit3274,1
amit#819,1
secure946,0
sneha186,0
vikas24,0
password123,0
prashant34350,1
Science@42,1
security,0
1234562,0
UkJ4EbPC7nSQ,2
Secure@504,1
database569,0
qwerty123,0
7zODtUNIdQOI,2
Analytics2305,1
1234560,0
machine!664,1
pooja77527,1
@LBDz%RtO$hNYuT,2
letmein,0
analytics98874,1
data,0
Learning1254,1
x0qk5FnMU5x2VMxP$2,2
Cloud1932,1
python,0
letmein,0
Polg&cybZoSL9l,2
welcome123,0
machine317,0
computer442,0
1234568,0
letmein,0
neha43494,1
Security7776,1
science,0
Analytics1091,1
password,0
uzOaW$&$DilLZz$0@0,2
HJitoi9gWsso@*,2
q0aztbaBcuoQNr,2
Pooja5111,1
123456789,0
database913,0
neha426,0
5nvFxgPQNayJ,2
abc123,0
ankit$823,1
Technology9480,1
security426,0
developer,0
Analytics@267,1
rohit745,0
KmLo2plkt^GsO0,2
science785,0
sVly79s8YaTUTb$,2
Arjun@120,1
rahul!946,1
pooja@58,1
Amit1229,1
1234561,0
iloveyou,0
Security@48,1
science74378,1
welcome,0
secure,0
ankit181,0
Science@579,1
Technology@183,1
M8c9to82UhTCfHICl,2
MhYFUg9af4Kh7FE,2
BPodazAl%1$E^Pi,2
vikas$395,1
1234560,0
football,0
TpIi!AJ^Ye5l6!OL,2
cloud#964,1
2dL!@ghly&U4*6jlF,2
ip!hPLXWXnH86,2
$rYI^lCFVqTJh,2
letmein,0
analytics$775,1
science78807,1
arjun!453,1
BBxWupccC*R$I8qpQ,2
science88122,1
Vikas2330,1
Secure6532,1
secure78,0
rh8t9LJhp%%wX2xDW,2
developer$386,1
data597,0
ankit605,0
science$623,1
Rohit9762,1
xf^NWFK!47GnSM,2
Computer3580,1
lwdwiMzHsg4H,2
iQU6vhSXOrv6,2
learning563,0
python75798,1
1234566,0
Analytics3258,1
Secure3241,1
iloveyou,0
machine801,0
admin123,0
computer@192,1
1234569,0
12345678,0
Rahul159,1
1234563,0
python12824,1
machine57,0
machine439,0
data55970,1
1234560,0
Pooja@942,1
analytics$642,1
YhZscNp5V&BfE,2
welcome123,0
1234563,0
arjun$538,1
sneha254,0
1234565,0
Database1712,1
Analytics@89,1
kcRcr7vQ46w3,2
secure799,0
sneha195,0
Computer4894,1
5WvBXvEk0nFRas,2
ankit@354,1
g^&fYAS9s#sfSNl,2
machine99,0
python,0
h0%Hjj2evgiv,2
rohit364,0
1234564,0
D0#bqvRfnBV7lB8Ix,2
1234569,0
Secure2016,1
Pooja8797,1
database943,0
secure,0
1234566,0
technology942,0
developer#389,1
neha374,0
Data1634,1
machine81195,1
Rahul@621,1
Ankit@291,1
Security@317,1
technology32,0
1234562,0
Technology@529,1
If1qgNCKobtD,2
amit53,0
1234566,0
neha56846,1
Amit2056,1
qwerty,0
Rahul@284,1
developer99679,1
123456,0
Computer625,1
Science9109,1
developer35292,1
1234564,0
neha#659,1
arjun64,0
football,0
1234563,0
cloud,0
p5&hzDeEE9T$nBamr,2
1234564,0
Prashant1156,1
1234566,0
python59,0
pooja893,0
Vikas8674,1
rohit#740,1
jhSq#Li02Dj#TVqO16,2
Vikas@459,1
123456,0
Computer@996,1
computer678,0
0%2bg7w#pZbHoF@,2
2IfL9fAENmaEimjVT!,2
python!963,1
c#xGSWbLDtdpzf,2
technology,0
1234563,0
Developer7976,1
database845,0
letmein,0
Rahul@731,1
data#758,1
H^PL6RnQ!%fdO,2
s28EZg3Dhj4%t,2
vikas345,0
1234566,0
admin123,0
database42106,1
machine,0
DJXgQteM**sOsW7j,2
1234566,0
Python4902,1
rk7&a@Y1mUGT%b2n,2
gdkB0Oisxbi1zU5,2
pooja#671,1
vikas561,0
machine,0
Science@47,1
science,0
letmein,0
LPCleevPfL5V,2
Vikas7883,1
python,0
Neha1700,1
machine,0
arjun721,0
security989,0
data47637,1
machine445,0
Arjun461,1
Ri5xI*FCol$3FU,2
python#667,1
Cloud@657,1
cloud,0
analytics,0
1234562,0
uQbSF$YOylqzO,2
%HthHl^ILJ3ufI,2
learning897,0
amit787,0
1234562,0
science542,0
data,0
analytics243,0
data$489,1
sneha85122,1
Rahul450,1
cloud91774,1
cloud67984,1
Data@663,1
Sneha@915,1
neha38416,1
login,0
data,0
bdbITBMKJYxv@r,2
@t9wJFzH75vc,2
ankit38595,1
tRVNKu@SXUV@3GnEda,2
4lg2sCQoYBn#xHJXKP,2
vikas#421,1
computer,0
python873,0
security,0
jKMv3PJOC4fV8S,2
Pooja@348,1
RbwsuQi*V4W$,2
1234568,0
1234569,0
letmein,0
amit76608,1
Rohit8435,1
ENq@I5#L6Pvv#iVRjO,2
security@767,1
user123,0
computer13455,1
analytics49522,1
NX%U$R60dVcP8U8U,2
1234568,0
secure513,0
Security9520,1
ankit7613,1
data,0
Secure@505,1
t5HF0N*Ue4ciEMr,2
security,0
python983,0
password123,0
security523,0
computer,0
1234561,0
PRuYk!r%r!fqWpqV,2
4!ZaGfx5o&Bbo,2
arjun686,0
Developer647,1
BJO@XKM4#6tXjkZk,2
vikas52016,1
1234561,0
4#6W*tLV%M#Ol,2
Rahul@238,1
Vikas8368,1
developer55139,1
database788,0
science,0
Machine@183,1
1234565,0
ud8bHtX3mFW71yN%U,2
login,0
science760,0
$RVZPujl8!cbv#o,2
welcome123,0
Machine2022,1
neha!825,1
Jamc76rSbqpf*,2
Neha3568,1
z$slFVyIlp$9s7,2
Security@246,1
Data@212,1
SUMj6h*RR@YEHp3,2
amit114,0
Analytics@992,1
vikas@639,1
machine,0
amit967,0
prashant$692,1
login,0
1234564,0
science633,0
data,0
rohit73,0
learning,0
keTl*Qf99qu$mgo#4,2
vikas573,0
mmCqeDZcYdyD@JZj,2
abc123,0
pooja#821,1
aoguBkE4#hIIZaa,2
neha80239,1
vikas709,0
Computer900,1
Learning774,1
12345678,0
rahul486,0
arjun90429,1
Database@366,1
qwXNxNkI%QZo,2
LZP&RG4CEbk2pw8s,2
Security@945,1
prashant431,0
python,0
security,0
Prashant607,1
monkey,0
JJbJs&CqGvdfQ,2
data#139,1
08YLr0FDApzuT1xkw,2
Developer@714,1
science@774,1
secure54048,1
Neha@481,1
#xh8Qth@R8cIXJ&,2
prashant921,0
Rahul3127,1
prashant30594,1
secure74978,1
Arjun8166,1
ankit!854,1
Prashant5554,1
prashant#475,1
1234562,0
vikas449,0
welcome123,0
analytics711,0
qwerty,0
FK@T*V#FMHEt$fmG,2
india123,0
1234568,0
neha@710,1
1234566,0
1234566,0
neha33816,1
data,0
Vikas@993,1
arjun931,0
secure407,0
rohit137,0
rohit26620,1
1234561,0
computer,0
nculpHdlOO&nZ!y%,2
1234564,0
O0Ex88gBZiCt#,2
@RrO72*8SxZIF4@!Rr,2
Machine2148,1
amit94200,1
Computer@608,1
PB7UIhJRpiGo,2
rahul566,0
Neha293,1
computer845,0
$j^z8ayI@CnxQJ,2
f@SmL@1@Nhht&Z!,2
Science6812,1
%UfI8&rRUX1nx*vMg%,2
login,0
Machine@555,1
neha85599,1
1234567,0
Computer2351,1
computer345,0
neha286,0
computer,0
sneha138,0
1234565,0
Data@46,1
o$r3IbGkxVN9rM2AB,2
qwerty123,0
Jyf#LF301L@eQN8mZ,2
security493,0
1234562,0
Amit@515,1
Cloud@355,1
prashant477,0
analytics149,0
qwerty123,0
password123,0
8GTdBAG04dV65zYIo,2
python25014,1
india123,0
t^$tB#*Ly88q,2
learning,0
cloud994,0
password,0
gJjqrQf1EwiGJ,2
arjun83651,1
developer,0
computer,0
Computer2235,1
welcome,0
Ankit8814,1
rohit3869,1
arjun149,0
secure,0
science,0
Data@624,1
ankit112,0
cloud,0
%6eA5^HJV8073BpKp,2
vikas966,0
admin,0
technology,0
Arjun6637,1
machine,0
xgJUbU@Bq0YzhT1tT,2
sqA9dmINu&%GR*B,2
1234560,0
amit9,0
#6SgLTDs^rM*V,2
rP6ZV$y9tSnd,2
13Ml7v*PVl&VPDJS,2
neha173,0
welcome,0
database94952,1
prashant252,0
&BWOoS0PJT0aCSZW,2
machine,0
database681,0
sneha988,0
developer670,0
1234569,0
cloud@934,1
vikas15378,1
sneha619,0
data@159,1
l*!y1F@Ww9Mu,2
login,0
1234567,0
amit21585,1
database309,0
science19769,1
welcome,0
data40895,1
Rahul@125,1
pooja47297,1
Database@444,1
technology45668,1
rOn1pDd1*Cnxr^Re,2
admin123,0
Prashant@99,1
Xxo!eb#8#iywkmoo&,2
1234565,0
1234569,0
Database9001,1
^xIOQbym3Ef9EA,2
Pooja@341,1
1234566,0
%ssHlhIqc5lflS,2
analytics!656,1
vikas51010,1
science,0
machine,0
*g1MIe0z7rjB33pVwu,2
developer166,0
m1k6OVLlFBe$nVi,2
1234565,0
onGGCMrGIiRXpyUNX,2
computer@843,1
Rahul5148,1
qwerty,0
Python@500,1
data522,0
1234564,0
T0x7T4857zvj^X5AA,2
secure42424,1
security#76,1
database43982,1
analytics91567,1
1234569,0
%qC4rtGq$szLGsh4,2
database,0
analytics,0
JIGJhRmz5K*&5hTRG,2
fT7xQtGNDg%u,2
1234562,0
cloud87,0
abc123,0
f6%4qliCM!hNgxv!,2
pooja2206,1
uVVCWCkS7E6fC&R54,2
iloveyou,0
computer!812,1
sneha!910,1
Python@26,1
data973,0
secure!985,1
Developer7789,1
umW*ZgWxPB1j,2
1234567,0
Rohit7713,1
zub5YxU9BlXV3,2
1234566,0
letmein,0
1234565,0
science226,0
5AjS%yZP8K%R$Z%R,2
DxU8LNDC&7tyGnG,2
user123,0
1#1xomE!U2K#*5weW,2
Pooja@181,1
data,0
neha8951,1
mwmrGLZAzhv5,2
machine644,0
Python3303,1
learning911,0
fhOlPXACUpEaDN,2
fiyygANtv*Qmu,2
Analytics2073,1
L0LUU1aByZSJOF,2
secure480,0
rahul84339,1
vikas632,0
python158,0
admin123,0
zy7qGn5Nf4u90*,2
secure149,0
analytics!697,1
Rohit8355,1
learning516,0
jiY9H!6RBkXs79f,2
Technology9346,1
machine33436,1
secure@821,1
Technology@989,1
Science4727,1
neha326,0
^tlS4cU1NWrTZ4xBa,2
PJLC0MJC9N9b#8,2
Ankit8988,1
neha#458,1
vikas310,0
arjun@741,1
prashant74386,1
prashant55780,1
1234563,0
python,0
123456,0
analytics,0
Security4966,1
Technology9620,1
zhdZ7w#KYzQRR,2
Developer2832,1
Database9858,1
1234567,0
Neha@99,1
#qV#ixhx7uP#pjJn,2
amit$368,1
developer,0
data533,0
prashant85457,1
1234567,0
cloud,0
Security893,1
prashant84979,1
prashant78361,1
cloud627,0
computer,0
Cloud@117,1
Developer@84,1
science788,0
1234569,0
cloud71398,1
kvKeP9tXrI$E8QlYgY,2
welcome,0
S5Cea8L0UqJ%DM*yk,2
neha18,0
vikas95317,1
cloud#624,1
Rahul@543,1
data,0
amit423,0
Pooja@346,1
abc123,0
1234561,0
tenin3s%xgSV,2
developer78837,1
6b9eMswmbQ0ium9Sv,2
developer89014,1
Pooja@288,1
data,0
Cloud9546,1
BaV*M4kZBJHpOn,2
abc123,0
rahul127,0
cloud14448,1
Cloud@422,1
ankit61234,1
mehZri239f&ysD*6,2
TayLegk8fN5ZK,2
password,0
cloud19547,1
Developer@977,1
1#$3#v9CG9f4rK,2
security$608,1
1qhRQdW9r$qDXb%ERv,2
machine839,0
cloud142,0
Ankit9600,1
vikas930,0
pooja646,0
Science@607,1
Ankit@450,1
science#103,1
1234563,0
Prashant7387,1
python,0
Rahul4944,1
welcome123,0
computer12,0
user123,0
security658,0
letmein,0
secure,0
prashant$785,1
kLqRhH0kZn9jBx!o,2
rohit12165,1
iloveyou,0
1234569,0
G1W%EPnWkryK2oj,2
YAAyee3S%stDa,2
user123,0
TO2l3kIfqivdzbw,2
computer$356,1
Sneha@611,1
vikas954,0
sneha#304,1
technology5405,1
#T*MjZT%MiJLoW^WcS,2
1234569,0
RbBf%A#sHIhbiOGuuk,2
MzuAa8J#7KSyIaph7L,2
gsV@yV6u*hMY04L1L,2
rTnWN$9Gx@dj$,2
uC#Q%6$gZ30TOsH,2
UCeFK225AdGgagVB,2
database62602,1
Amit@83,1
science17650,1
Cloud2789,1
@9O@&!zVIL0EIw#V,2
letmein,0
rahul@347,1
Database2543,1
technology400,0
Vikas2051,1
database$954,1
Sneha6284,1
sneha213,0
Secure@349,1
Ankit@643,1
admin,0
hZKA246KG67KufSe,2
analytics888,0
wnm297kd^YYJ5Fhqzr,2
ankit94391,1
Amit7109,1
Database1588,1
Prashant1532,1
cloud,0
Security8091,1
1234563,0
N*57*InSX84%c,2
M70qRZ5vFzNXj7$,2
!9khuhA!&3Ho,2
login,0
Neha@549,1
&0FuIX*4l0&SSiC,2
learning,0
cloud286,0
database334,0
python,0
jya#%k@mpP$5sH^A,2
Analytics@653,1
1234568,0
B@X^&9$@wJz@,2
amit445,0
1234568,0
Computer3335,1
1234561,0
analytics28526,1
computer,0
Amit4360,1
technology,0
sneha22999,1
Python1178,1
amit522,0
analytics,0
security$693,1
arjun86832,1
pooja412,0
rahul838,0
arjun420,0
2HTN*t4FUHm1Y,2
1234560,0
learning,0
Pooja996,1
Vikas@252,1
1234565,0
1234563,0
1234564,0
india123,0
developer4,0
science,0
sneha!984,1
1234569,0
developer$227,1
Science4124,1
login,0
machine427,0
Pooja29,1
zx^unwTrSTxdq#jBQr,2
FF%^r*RO!19XzguDT,2
%YahhacJY%zTsMmR,2
pooja368,0
Rohit@124,1
developer,0
python672,0
cloud$665,1
developer#317,1
Rohit@164,1
ankit22705,1
Ankit8564,1
rohit893,0
technology20234,1
monkey,0
1234565,0
developer39951,1
cloud33290,1
developer671,0
ankit645,0
wCLK1DBvljjG9e,2
1234563,0
Analytics1404,1
science,0
Rahul7568,1
sneha996,0
computer241,0
analytics49764,1
pooja305,0
rahul4657,1
python492,0
ankit769,0
Vikas@573,1
rohit!400,1
WWgXTd9VX1A&YwCy&,2
jfj7S&aJV11gBO,2
Vikas@705,1
Database@98,1
Computer@635,1
prashant60627,1
1234561,0
rohit285,0
data$288,1
amit@588,1
1234561,0
123456,0
Science@602,1
cloud@327,1
qsv@&Ack5wxz*h$TSC,2
analytics,0
python794,0
welcome,0
computer$374,1
Machine@66,1
GRUSGQ1rBwi6mJbn,2
XGyS8j0j@bs8w@rhr,2
TRK38w3lHsIN%B,2
m5U@uBgYir0KJX,2
database61942,1
1234563,0
Q0RG3Wz90#t^8,2
sneha#213,1
1234565,0
learning,0
rahul$240,1
arjun556,0
machine,0
